Время измерения;Индекс группы на момент измерения;Серийный номер;высота установки от уровня земли;средняя температура, градусы Цельсия;средняя скорость горизонтального ветра;среднее направление гор. ветра, градусы;мин. скорость мгновенного гор. ветра, м/с;макс. скорость мгновенного гор. ветра, м/с;средняя скорость верт. ветра, м/с;атмосферное давление, мм.рт.ст.;относительная влажность воздуха, %;температура точки росы, градусы Цельсия;упругость (давление) водяного пара, гПа;абсолютная влажность, г/м^3;плотность воздуха, кг/м^3;скорость звука в воздухе, в м/с
2018-01-01 10:39:00+00;1;15407AMK-03;28;-14.81;2.03;18.01;0.33;4.67;0.36;765.61;100;-14.81;1.95;1.55;1.3736;322.63
2018-01-01 11:24:00+00;1;15407AMK-03;28;-14.46;2.47;23.69;0.11;3.51;0.19;765.75;100;-14.46;2;1.59;1.3719;322.86
2018-01-01 12:09:00+00;1;15407AMK-03;28;-14.2;2.42;20.01;0.39;4.57;0.31;766.03;100;-14.2;2.05;1.63;1.371;323.02
2018-01-01 12:55:00+00;1;15407AMK-03;28;-14.14;3.17;21.48;0.29;5.27;0.03;766.08;100;-14.14;2.06;1.64;1.3708;323.06
2018-01-01 13:40:00+00;1;15407AMK-03;28;-13.93;2.48;62.17;0.81;4.39;0.27;766.13;100;-13.93;2.09;1.66;1.3697;323.19
2018-01-01 14:26:00+00;1;15407AMK-03;28;-13.8;1.83;26.44;0.69;3.13;0.01;766.12;100;-13.8;2.11;1.68;1.369;323.27
2018-01-01 15:11:00+00;1;15407AMK-03;28;-13.71;1.32;14.26;0.18;2.72;0.21;765.98;100;-13.71;2.13;1.69;1.3683;323.33
2018-01-01 15:57:00+00;1;15407AMK-03;28;-13.75;1.44;13.15;0.47;2.7;0.29;765.87;100;-13.75;2.12;1.69;1.3683;323.3
2018-01-01 16:42:00+00;1;15407AMK-03;28;-13.67;1.57;24.75;0.44;2.9;0.45;765.98;100;-13.67;2.14;1.7;1.368;323.36
2018-01-01 17:28:00+00;1;15407AMK-03;28;-13.7;2.74;6.59;1.42;4.99;0.42;766.01;100;-13.7;2.13;1.69;1.3683;323.33
2018-01-01 18:13:00+00;1;15407AMK-03;28;-13.86;2.25;10.07;0.41;4.16;0.06;765.84;100;-13.86;2.1;1.67;1.3689;323.23
2018-01-01 18:59:00+00;1;15407AMK-03;28;-13.91;2.05;18.02;0.69;4.28;0.42;765.81;100;-13.91;2.09;1.67;1.3691;323.2
2018-01-01 19:44:00+00;1;15407AMK-03;28;-14.01;2.23;6.39;1.06;4.2;0.1;766.01;100;-14.01;2.08;1.65;1.37;323.14
2018-01-01 20:30:00+00;1;15407AMK-03;28;-14.12;1.77;356.31;0.64;3.87;-0.06;766.14;100;-14.12;2.06;1.64;1.3708;323.07
2018-01-01 21:15:00+00;1;15407AMK-03;28;-14.07;2.48;6.18;0.51;4.09;-0.05;766.15;100;-14.07;2.07;1.64;1.3705;323.1
2018-01-01 22:01:00+00;1;15407AMK-03;28;-14.17;1.96;20.18;0.59;3.42;0.2;766.15;100;-14.17;2.05;1.63;1.3711;323.04
2018-01-01 22:46:00+00;1;15407AMK-03;28;-14.28;1.71;347.71;0.57;3.57;0.1;766.15;100;-14.28;2.03;1.62;1.3717;322.97
2018-01-01 23:32:00+00;1;15407AMK-03;28;-14.2;2.02;6.88;0.52;3.68;0.2;766.18;100;-14.2;2.05;1.63;1.3713;323.02
2018-01-02 00:17:00+00;1;15407AMK-03;28;-14.12;2.26;12.32;0.54;3.25;0.06;766.18;100;-14.12;2.06;1.64;1.3708;323.07
2018-01-02 01:03:00+00;1;15407AMK-03;28;-14.1;1.3;357.17;0.27;2.15;0.14;766.27;100;-14.1;2.06;1.64;1.3709;323.08
2018-01-02 01:48:00+00;1;15407AMK-03;28;-13.99;1.93;15.87;0.34;3.48;-0.03;766.6;100;-13.99;2.08;1.66;1.3709;323.15
2018-01-02 02:34:00+00;1;15407AMK-03;28;-13.98;1.72;2.96;0.76;3.45;0.4;766.53;100;-13.98;2.08;1.66;1.3707;323.16
2018-01-02 03:19:00+00;1;15407AMK-03;28;-13.88;1.54;11.96;0.69;2.67;0.26;766.75;100;-13.88;2.1;1.67;1.3706;323.22
2018-01-02 04:05:00+00;1;15407AMK-03;28;-13.55;1.31;340.65;0.32;2.36;0.02;766.67;100;-13.55;2.16;1.72;1.3687;323.43
2018-01-02 04:50:00+00;1;15407AMK-03;28;-13.17;0.99;355.17;0.04;3.24;0.2;766.68;100;-13.17;2.22;1.77;1.3666;323.67
2018-01-02 05:36:00+00;1;15407AMK-03;28;-12.91;1.35;353.05;0.33;2.4;0.05;766.54;100;-12.91;2.27;1.81;1.365;323.84
2018-01-02 06:21:00+00;1;15407AMK-03;28;-12.55;1.81;345.75;0.63;3.32;0.14;766.44;97.44;-12.87;2.28;1.81;1.3629;324.06
2018-01-02 07:07:00+00;1;15407AMK-03;28;-12.28;2.5;27.15;1.2;3.66;0.38;766.29;92.9;-13.19;2.22;1.77;1.3613;324.22
2018-01-02 07:52:00+00;1;15407AMK-03;28;-12.25;1.68;34.19;0.98;2.54;0.04;766.43;97.54;-12.56;2.34;1.86;1.3613;324.25
2018-01-02 08:38:00+00;1;15407AMK-03;28;-12.18;0.88;6.61;0.02;2.7;0.14;766.34;100;-12.18;2.41;1.92;1.3607;324.3
2018-01-02 09:23:00+00;1;15407AMK-03;28;-12.04;0.91;17.45;0.23;1.91;0.37;766.35;100;-12.04;2.44;1.94;1.36;324.38
2018-01-02 10:09:00+00;1;15407AMK-03;28;-12.13;1.01;349.02;0.19;1.87;0.1;766.62;100;-12.13;2.42;1.92;1.361;324.33
2018-01-02 10:54:00+00;1;15407AMK-03;28;-12.32;1.78;3.66;0.75;3.01;0.1;766.7;100;-12.32;2.38;1.9;1.3621;324.21
2018-01-02 11:40:00+00;1;15407AMK-03;28;-12.61;1.82;5.88;0.77;3.2;0.31;766.71;100;-12.61;2.33;1.85;1.3637;324.02
2018-01-02 12:25:00+00;1;15407AMK-03;28;-13.19;1.5;346.17;0.28;3.72;0.11;766.89;100;-13.19;2.22;1.77;1.3671;323.66
2018-01-02 13:11:00+00;1;15407AMK-03;28;-13.71;1.74;7.77;0.84;2.72;0.32;766.86;100;-13.71;2.13;1.69;1.3699;323.33
2018-01-02 13:56:00+00;1;15407AMK-03;28;-14.55;1.09;341.49;0.18;2.25;0.04;766.74;100;-14.55;1.99;1.58;1.3742;322.8
2018-01-02 14:42:00+00;1;15407AMK-03;28;-15.08;0.69;303.69;0.02;1.17;0.05;766.57;100;-15.08;1.9;1.51;1.3768;322.46
2018-01-02 15:27:00+00;1;15407AMK-03;28;-15.61;1.1;355.48;0.34;2.28;0.04;766.36;100;-15.61;1.82;1.45;1.3793;322.13
2018-01-02 16:12:00+00;1;15407AMK-03;28;-16.09;0.92;330.33;0.11;1.79;0.02;766.39;100;-16.09;1.75;1.39;1.3819;321.82
2018-01-02 16:58:00+00;1;15407AMK-03;28;-16.42;1.32;326.61;0.48;2.11;-0.08;766.36;100;-16.42;1.7;1.35;1.3836;321.62
2018-01-02 17:43:00+00;1;15407AMK-03;28;-17.15;1.37;335.84;0.33;2.56;0.05;766.21;100;-17.15;1.6;1.27;1.3874;321.15
2018-01-02 18:29:00+00;1;15407AMK-03;28;-18.67;1.02;282.56;0.47;1.94;-0.06;766;100;-18.67;1.41;1.12;1.3954;320.19
2018-01-02 19:14:00+00;1;15407AMK-03;28;-18.61;0.9;259.04;0.31;1.81;0.08;765.95;100;-18.61;1.42;1.13;1.395;320.23
2018-01-02 20:00:00+00;1;15407AMK-03;28;-18.85;1.21;283.38;0.52;2.01;0.11;765.88;100;-18.85;1.39;1.1;1.3962;320.07
2018-01-02 20:45:00+00;1;15407AMK-03;28;-19.69;1.45;284.78;0.51;2.34;0.01;765.83;100;-19.69;1.29;1.03;1.4008;319.54
2018-01-02 21:31:00+00;1;15407AMK-03;28;-20.2;1.64;283.74;0.44;3.35;0.14;765.78;100;-20.2;1.24;0.98;1.4036;319.21
2018-01-02 22:16:00+00;1;15407AMK-03;28;-19.02;1.14;275.84;0.7;1.97;0.26;765.69;100;-19.02;1.37;1.09;1.3968;319.96
2018-01-02 23:02:00+00;1;15407AMK-03;28;-18.31;1.1;282.81;0.84;1.6;0.35;765.46;100;-18.31;1.45;1.15;1.3924;320.42
2018-01-02 23:47:00+00;1;15407AMK-03;28;-19.2;1.23;281.35;0.7;1.72;0.25;765.29;100;-19.2;1.35;1.07;1.3971;319.85
2018-01-03 00:33:00+00;1;15407AMK-03;28;-19.47;1.21;250.16;0.58;1.91;0.46;765.14;100;-19.47;1.32;1.05;1.3983;319.68
2018-01-03 01:18:00+00;1;15407AMK-03;28;-20.06;1.21;236.15;0.77;2.07;0.66;765.03;100;-20.06;1.25;0.99;1.4014;319.3
2018-01-03 02:04:00+00;1;15407AMK-03;28;-20.56;0.77;223.34;0.39;1.1;0.53;765.12;100;-20.56;1.2;0.95;1.4043;318.99
2018-01-03 02:49:00+00;1;15407AMK-03;28;-19.27;1.49;224.75;0.65;1.89;0.56;765.03;100;-19.27;1.34;1.06;1.3969;319.81
2018-01-03 03:35:00+00;1;15407AMK-03;28;-20.92;1.58;264.74;0.88;2.31;0.61;764.9;100;-20.92;1.16;0.92;1.406;318.76
2018-01-03 04:20:00+00;1;15407AMK-03;28;-21.51;1.04;256.16;0.42;1.73;0.56;764.82;100;-21.51;1.1;0.88;1.4091;318.38
2018-01-03 05:06:00+00;1;15407AMK-03;28;-20.45;0.82;247.68;0.35;1.72;0.62;764.58;100;-20.45;1.21;0.96;1.4028;319.05
2018-01-03 05:51:00+00;1;15407AMK-03;28;-19.19;0.69;179.01;0.16;2.56;0.47;764.72;87.88;-20.69;1.18;0.94;1.396;319.85
2018-01-03 06:37:00+00;1;15407AMK-03;28;-17.42;0.63;223.88;0.05;1.93;0.62;764.57;71.78;-21.29;1.12;0.89;1.3861;320.96
2018-01-03 07:22:00+00;1;15407AMK-03;28;-16.92;1.03;180.76;0.51;1.71;0.43;764.32;76.79;-20.02;1.25;1;1.3829;321.28
2018-01-03 08:08:00+00;1;15407AMK-03;28;-15.89;0.44;155.28;0.21;0.66;0.17;764.07;58.29;-22.21;1.04;0.82;1.3771;321.91
2018-01-03 08:53:00+00;1;15407AMK-03;28;-15.93;0.49;212.55;0.21;0.76;-0.04;763.77;70.92;-19.99;1.26;1;1.3766;321.9
2018-01-03 09:39:00+00;1;15407AMK-03;28;-15.78;1.28;218.6;0.69;1.82;-0.01;763.66;90.39;-16.99;1.62;1.29;1.3754;322.01
2018-01-03 10:24:00+00;1;15407AMK-03;28;-16.23;1.05;214.34;0.54;1.47;-0.01;763.55;100;-16.23;1.73;1.38;1.3775;321.74
2018-01-03 11:10:00+00;1;15407AMK-03;28;-16.39;0.83;199.62;0.43;1.33;-0.04;763.3;100;-16.39;1.71;1.36;1.378;321.64
2018-01-03 11:55:00+00;1;15407AMK-03;28;-17.17;0.94;226.22;0.42;1.43;-0.09;763.06;100;-17.17;1.6;1.27;1.3818;321.14
2018-01-03 12:41:00+00;1;15407AMK-03;28;-18.25;0.76;223.46;0.34;1.92;-0.11;762.95;100;-18.25;1.46;1.16;1.3875;320.46
2018-01-03 13:26:00+00;1;15407AMK-03;28;-18.87;1.51;230.36;0.84;2.71;-0.01;762.67;100;-18.87;1.38;1.1;1.3905;320.06
2018-01-03 14:12:00+00;1;15407AMK-03;28;-20.63;1.42;240.11;0.47;3.38;0;762.67;100;-20.63;1.19;0.95;1.4003;318.94
2018-01-03 14:57:00+00;1;15407AMK-03;28;-20.99;1.51;243.5;0.48;2.88;0.11;762.32;100;-20.99;1.15;0.92;1.4016;318.71
2018-01-03 15:43:00+00;1;15407AMK-03;28;-21.21;1.54;229.11;0.7;2.43;-0.02;762.35;100;-21.21;1.13;0.9;1.4029;318.57
2018-01-03 16:28:00+00;1;15407AMK-03;28;-21.88;0.85;227.07;0.43;1.58;0.04;762.1;100;-21.88;1.07;0.85;1.4062;318.14
2018-01-03 17:14:00+00;1;15407AMK-03;28;-21.95;1.87;223.12;1.04;3.13;-0.09;761.82;100;-21.95;1.06;0.84;1.4061;318.1
2018-01-03 17:59:00+00;1;15407AMK-03;28;-22.4;0.98;219.5;0.61;1.56;-0.01;761.59;100;-22.4;1.02;0.81;1.4082;317.81
2018-01-03 18:45:00+00;1;15407AMK-03;28;-21.83;1.84;199.84;1.1;2.5;0.03;761.6;100;-21.83;1.07;0.85;1.405;318.18
2018-01-03 19:30:00+00;1;15407AMK-03;28;-21.26;1.65;203.61;1.22;2.01;0.03;761.25;100;-21.26;1.13;0.9;1.4012;318.54
2018-01-03 20:15:00+00;1;15407AMK-03;28;-22.54;0.95;240.86;0.59;1.7;0.02;760.84;100;-22.54;1.01;0.8;1.4076;317.72
2018-01-03 21:01:00+00;1;15407AMK-03;28;-23.12;2.07;181.16;1.53;2.65;0.08;760.67;100;-23.12;0.96;0.76;1.4106;317.35
2018-01-03 21:46:00+00;1;15407AMK-03;28;-22.73;1.36;209.15;0.7;2.34;0.11;760.61;100;-22.73;0.99;0.79;1.4083;317.6
2018-01-03 22:32:00+00;1;15407AMK-03;28;-22.15;2;214.6;1.05;2.68;-0.05;760.61;100;-22.15;1.04;0.83;1.405;317.98
2018-01-03 23:17:00+00;1;15407AMK-03;28;-21.83;1.25;165.21;0.91;1.62;0.09;760.61;100;-21.83;1.07;0.85;1.4032;318.18
2018-01-04 00:03:00+00;1;15407AMK-03;28;-22.34;2.1;146.4;1.5;2.65;0.12;760.47;100;-22.34;1.03;0.81;1.4058;317.85
2018-01-04 00:48:00+00;1;15407AMK-03;28;-22.33;1.47;196.56;0.9;1.73;-0.02;760.42;100;-22.33;1.03;0.82;1.4057;317.86
2018-01-04 01:34:00+00;1;15407AMK-03;28;-22.22;1.9;203.86;1.54;2.18;0.04;760.42;100;-22.22;1.04;0.82;1.4051;317.93
2018-01-04 02:19:00+00;1;15407AMK-03;28;-22.57;2.41;209.66;1.42;2.91;0.07;760.49;100;-22.57;1;0.8;1.4072;317.7
2018-01-04 03:05:00+00;1;15407AMK-03;28;-22.61;2.51;208.89;2.25;2.79;0.06;760.28;100;-22.61;1;0.8;1.407;317.68
2018-01-04 03:50:00+00;1;15407AMK-03;28;-22.99;0.82;231.07;0.37;1.49;-0.12;759.97;100;-22.99;0.97;0.77;1.4086;317.44
2018-01-04 04:36:00+00;1;15407AMK-03;28;-23.52;0.84;207.98;0.58;1.09;-0.08;760.01;94.66;-24.14;0.87;0.69;1.4117;317.09
2018-01-04 05:21:00+00;1;15407AMK-03;28;-22.01;0.79;200.56;0.29;1.49;-0.17;760.15;67.1;-26.47;0.71;0.56;1.4036;318.04
2018-01-04 06:07:00+00;1;15407AMK-03;28;-21.84;0.77;195.84;0.25;1.53;-0.05;760.09;65.66;-26.54;0.7;0.56;1.4025;318.15
2018-01-04 06:52:00+00;1;15407AMK-03;28;-21.29;0.74;212.81;0.31;1.17;-0.23;759.98;57.32;-27.5;0.64;0.51;1.3993;318.5
2018-01-04 07:38:00+00;1;15407AMK-03;28;-20.06;0.65;204.14;0.24;1.07;-0.29;759.95;53.56;-27.08;0.67;0.53;1.3924;319.27
2018-01-04 08:23:00+00;1;15407AMK-03;28;-20;1.28;138.36;0.92;1.6;-0.03;759.94;56.44;-26.45;0.71;0.56;1.392;319.32
2018-01-04 09:09:00+00;1;15407AMK-03;28;-19.78;0.7;112.47;0.52;0.91;-0.05;760.01;80.17;-22.32;1.03;0.82;1.3908;319.47
2018-01-04 09:54:00+00;1;15407AMK-03;28;-20.19;1.41;117.85;1.16;1.58;0.04;760.09;95.99;-20.66;1.19;0.94;1.3931;319.22
2018-01-04 10:40:00+00;1;15407AMK-03;28;-20.86;1.69;114.86;0.93;2.31;0.01;760.27;100;-20.86;1.17;0.93;1.3971;318.79
2018-01-04 11:25:00+00;1;15407AMK-03;28;-20.96;1.6;117.82;1.2;1.93;-0.02;760.29;100;-20.96;1.16;0.92;1.3977;318.73
2018-01-04 12:11:00+00;1;15407AMK-03;28;-21.48;1.95;120.51;1.16;2.54;-0.01;760.13;100;-21.48;1.11;0.88;1.4003;318.4
2018-01-04 12:56:00+00;1;15407AMK-03;28;-21.45;1.3;129.5;0.88;1.81;0.08;759.91;100;-21.45;1.11;0.88;1.3998;318.42
2018-01-04 13:42:00+00;1;15407AMK-03;28;-21.72;1.18;110.38;0.77;1.71;0.07;759.89;100;-21.72;1.08;0.86;1.4012;318.25
2018-01-04 14:27:00+00;1;15407AMK-03;28;-22.37;0.1;11.59;0;0.37;-0.02;759.67;100;-22.37;1.02;0.81;1.4045;317.83
2018-01-04 15:13:00+00;1;15407AMK-03;28;-22.58;1.16;93.67;0.76;1.69;0.06;759.7;100;-22.58;1;0.8;1.4058;317.7
2018-01-04 15:58:00+00;1;15407AMK-03;28;-23.45;1.55;106.83;1.25;1.86;0;759.83;100;-23.45;0.93;0.74;1.4109;317.14
2018-01-04 16:44:00+00;1;15407AMK-03;28;-23.56;0.95;109.92;0.53;1.46;0.02;759.86;100;-23.56;0.92;0.73;1.4116;317.07
2018-01-04 17:29:00+00;1;15407AMK-03;28;-23.78;0.82;113.12;0.54;1.23;-0.02;759.89;100;-23.78;0.9;0.72;1.4129;316.93
2018-01-04 18:15:00+00;1;15407AMK-03;28;-24.48;0.55;47.01;0.21;0.8;0.05;759.84;100;-24.48;0.85;0.67;1.4168;316.48
2018-01-04 19:00:00+00;1;15407AMK-03;28;-24.5;0.82;40.88;0.6;1.12;0.03;759.46;100;-24.5;0.85;0.67;1.4163;316.47
2018-01-04 19:46:00+00;1;15407AMK-03;28;-24.89;0.65;114.19;0.42;0.99;-0.01;759.47;100;-24.89;0.82;0.65;1.4185;316.22
2018-01-04 20:31:00+00;1;15407AMK-03;28;-25.08;1.23;83.86;0.86;1.67;0;759.74;100;-25.08;0.8;0.64;1.4201;316.1
2018-01-04 21:17:00+00;1;15407AMK-03;28;-25.88;0.84;44.08;0.56;1.12;0.09;759.67;100;-25.88;0.75;0.59;1.4246;315.59
2018-01-04 22:02:00+00;1;15407AMK-03;28;-26.41;1.28;31.87;0.54;1.91;0.07;759.69;100;-26.41;0.71;0.57;1.4277;315.24
2018-01-04 22:48:00+00;1;15407AMK-03;28;-27.73;1.1;352.1;0.31;1.99;0;759.57;100;-27.73;0.63;0.5;1.4352;314.4
2018-01-04 23:33:00+00;1;15407AMK-03;28;-27.66;1.19;2.07;0.48;1.89;0.07;759.62;100;-27.66;0.64;0.5;1.4349;314.44
2018-01-05 00:18:00+00;1;15407AMK-03;28;-27.53;1.06;356.6;0.37;1.86;0.1;759.82;100;-27.53;0.64;0.51;1.4345;314.53
2018-01-05 01:04:00+00;1;15407AMK-03;28;-27.15;1.04;27.28;0.4;1.76;0.19;759.8;100;-27.15;0.67;0.53;1.4323;314.77
2018-01-05 01:49:00+00;1;15407AMK-03;28;-27.33;1.48;41.45;0.88;2.1;0.22;759.88;100;-27.33;0.65;0.52;1.4334;314.66
2018-01-05 02:35:00+00;1;15407AMK-03;28;-27.84;1.38;8.54;0.31;2.41;0.26;759.85;100;-27.84;0.62;0.5;1.4364;314.33
2018-01-05 03:20:00+00;1;15407AMK-03;28;-27.39;1.18;20.47;0.49;2.18;0.02;760.03;100;-27.39;0.65;0.52;1.4341;314.61
2018-01-05 04:06:00+00;1;15407AMK-03;28;-27.22;1.58;2.37;0.03;2.89;-0.02;759.84;100;-27.22;0.66;0.53;1.4327;314.73
2018-01-05 04:51:00+00;1;15407AMK-03;28;-26.6;1.12;337.32;0.23;2.58;0;759.76;93.51;-27.33;0.65;0.52;1.429;315.12
2018-01-05 05:37:00+00;1;15407AMK-03;28;-26.06;1.38;354.51;0.03;2.78;0.08;759.66;84.99;-27.83;0.63;0.5;1.4257;315.47
2018-01-05 06:22:00+00;1;15407AMK-03;28;-24.84;0.72;7.09;0.05;1.43;0.22;759.7;83.87;-26.78;0.69;0.55;1.4187;316.25
2018-01-05 07:08:00+00;1;15407AMK-03;28;-24.39;0.84;335.28;0.09;1.96;0.19;759.43;78.41;-27.07;0.67;0.53;1.4157;316.53
2018-01-05 07:53:00+00;1;15407AMK-03;28;-23.43;1.66;3.92;0.69;2.5;-0.02;759.45;75.46;-26.55;0.7;0.56;1.4102;317.15
2018-01-05 08:39:00+00;1;15407AMK-03;28;-22.55;0.95;346.34;0.15;2.29;0.36;759.31;83.31;-24.6;0.84;0.67;1.405;317.71
2018-01-05 09:24:00+00;1;15407AMK-03;28;-22.64;1.08;358.1;0.04;2.42;0.44;759.37;88.43;-24.02;0.88;0.7;1.4055;317.66
2018-01-05 10:10:00+00;1;15407AMK-03;28;-22.78;2.36;1.01;0.09;5.07;0.13;759.52;100;-22.78;0.99;0.78;1.4065;317.57
2018-01-05 10:55:00+00;1;15407AMK-03;28;-22.77;3.39;5.62;1.32;5.3;0.2;759.45;100;-22.77;0.99;0.78;1.4064;317.58
2018-01-05 11:41:00+00;1;15407AMK-03;28;-22.7;2.39;5.33;0.97;4.31;0.1;759.45;100;-22.7;0.99;0.79;1.406;317.62
2018-01-05 12:26:00+00;1;15407AMK-03;28;-22.5;2.15;5;0.59;3.82;0.09;759.49;100;-22.5;1.01;0.8;1.4049;317.75
2018-01-05 13:12:00+00;1;15407AMK-03;28;-22.34;1.31;16.04;0.52;2.64;0.31;759.39;100;-22.34;1.03;0.81;1.4038;317.85
2018-01-05 13:57:00+00;1;15407AMK-03;28;-22.28;2.08;10.88;0.93;3.39;-0.06;759.16;100;-22.28;1.03;0.82;1.4031;317.89
2018-01-05 14:43:00+00;1;15407AMK-03;28;-21.93;2.64;15.76;0.86;5.02;0.21;758.8;100;-21.93;1.06;0.84;1.4004;318.11
2018-01-05 15:28:00+00;1;15407AMK-03;28;-22.18;2.44;5.05;0.8;4.34;0.06;758.65;100;-22.18;1.04;0.83;1.4016;317.95
2018-01-05 16:14:00+00;1;15407AMK-03;28;-22.07;1.91;6.75;0.11;4.21;0.23;758.56;100;-22.07;1.05;0.83;1.4007;318.03
2018-01-05 16:59:00+00;1;15407AMK-03;28;-21.01;3.32;7.44;1.2;5.65;0.12;758.29;100;-21.01;1.15;0.92;1.3943;318.7
2018-01-05 17:45:00+00;1;15407AMK-03;28;-20.64;2.39;35.22;1.28;3.59;0.01;758.27;100;-20.64;1.19;0.94;1.3922;318.93
2018-01-05 18:30:00+00;1;15407AMK-03;28;-20.59;1.79;34.69;0.68;4.1;0.19;757.96;100;-20.59;1.19;0.95;1.3914;318.97
2018-01-05 19:16:00+00;1;15407AMK-03;28;-20.96;2.36;43.82;1.41;3.83;0.04;757.91;100;-20.96;1.16;0.92;1.3933;318.73
2018-01-05 20:01:00+00;1;15407AMK-03;28;-21.04;2.83;23.18;1.59;4.94;0.09;757.84;100;-21.04;1.15;0.91;1.3937;318.68
2018-01-05 20:47:00+00;1;15407AMK-03;28;-20.9;1.58;31.75;0.96;2.21;-0.07;757.9;100;-20.9;1.16;0.92;1.393;318.77
2018-01-05 21:32:00+00;1;15407AMK-03;28;-20.58;2.59;33.89;1.55;3.96;0.08;757.87;100;-20.58;1.2;0.95;1.3911;318.98
2018-01-05 22:18:00+00;1;15407AMK-03;28;-20.41;1.82;19.49;0.71;3.47;0.02;757.86;100;-20.41;1.21;0.96;1.3901;319.09
2018-01-05 23:03:00+00;1;15407AMK-03;28;-20.27;2.56;6.44;0.59;5.42;0.15;757.85;100;-20.27;1.23;0.98;1.3894;319.17
2018-01-05 23:49:00+00;1;15407AMK-03;28;-19.73;2.19;6.06;1.2;3.28;0.09;757.89;100;-19.73;1.29;1.02;1.3865;319.52
2018-01-06 00:34:00+00;1;15407AMK-03;28;-19.63;2.69;24.43;1.46;4.68;0.07;757.9;100;-19.63;1.3;1.03;1.386;319.58
2018-01-06 01:20:00+00;1;15407AMK-03;28;-19.65;1.42;17.64;0.35;2.48;0.25;757.87;100;-19.65;1.3;1.03;1.386;319.57
2018-01-06 02:05:00+00;1;15407AMK-03;28;-19.43;3.08;20.69;1.52;4.39;-0.26;757.66;100;-19.43;1.32;1.05;1.3844;319.71
2018-01-06 02:51:00+00;1;15407AMK-03;28;-19.25;3.44;15.94;0.73;7.45;0.55;757.52;100;-19.25;1.34;1.07;1.3832;319.82
2018-01-06 03:36:00+00;1;15407AMK-03;28;-19.07;3.08;25.08;1.04;5.18;0.25;757.44;100;-19.07;1.36;1.08;1.382;319.93
2018-01-06 04:22:00+00;1;15407AMK-03;28;-19.1;3.72;12.94;0.76;7.76;-0.51;757.31;100;-19.1;1.36;1.08;1.3819;319.92
2018-01-06 05:07:00+00;1;15407AMK-03;28;-18.96;3.32;18.44;0.19;5.61;0.49;757.09;100;-18.96;1.37;1.09;1.3808;320
2018-01-06 05:52:00+00;1;15407AMK-03;28;-18.89;2.95;18.92;0.73;4.65;0.29;756.99;100;-18.89;1.38;1.1;1.3802;320.05
2018-01-06 06:38:00+00;1;15407AMK-03;28;-18.95;3.03;17.34;0.98;5.17;0.01;756.93;98.12;-19.17;1.35;1.07;1.3804;320.01
2018-01-06 07:23:00+00;1;15407AMK-03;28;-18.92;3.65;15.38;1.81;6.47;-0.5;756.79;100;-18.92;1.38;1.1;1.38;320.03
2018-01-06 08:09:00+00;1;15407AMK-03;28;-18.59;2.93;34.05;0.48;5.2;-0.21;756.58;100;-18.59;1.42;1.13;1.3778;320.24
2018-01-06 08:54:00+00;1;15407AMK-03;28;-18.16;3.81;14.64;1.89;5.62;-0.08;756.54;100;-18.16;1.47;1.17;1.3754;320.51
2018-01-06 09:40:00+00;1;15407AMK-03;28;-17.9;4.57;14.6;1.3;7.31;0.02;756.54;100;-17.9;1.5;1.19;1.374;320.68
2018-01-06 10:25:00+00;1;15407AMK-03;28;-17.64;4.37;16.24;1.54;6.88;0.1;756.65;100;-17.64;1.54;1.22;1.3727;320.84
2018-01-06 11:11:00+00;1;15407AMK-03;28;-17.56;3.24;14.6;1.2;5.74;-0.22;756.74;100;-17.56;1.55;1.23;1.3725;320.89
2018-01-06 11:56:00+00;1;15407AMK-03;28;-17.51;3.35;15.89;1.97;5.21;0.18;756.65;100;-17.51;1.55;1.24;1.372;320.93
2018-01-06 12:42:00+00;1;15407AMK-03;28;-17.3;2.59;36.17;0.94;5.3;-0.28;756.68;100;-17.3;1.58;1.26;1.3709;321.06
2018-01-06 13:27:00+00;1;15407AMK-03;28;-16.94;3.1;27.32;1.44;5.3;0.05;756.68;100;-16.94;1.63;1.3;1.369;321.29
2018-01-06 14:13:00+00;1;15407AMK-03;28;-16.67;2.14;24.61;0.99;4.03;0.14;756.64;100;-16.67;1.67;1.33;1.3674;321.46
2018-01-06 14:58:00+00;1;15407AMK-03;28;-16.31;3.45;49.72;1.4;5.53;-0.28;756.67;100;-16.31;1.72;1.37;1.3656;321.69
2018-01-06 15:44:00+00;1;15407AMK-03;28;-16.14;3.88;50.13;2.17;6.06;0.33;756.64;100;-16.14;1.74;1.39;1.3646;321.79
2018-01-06 16:29:00+00;1;15407AMK-03;28;-16.1;3.51;51.68;2.33;5.1;-0.1;756.64;100;-16.1;1.75;1.39;1.3644;321.82
2018-01-06 17:15:00+00;1;15407AMK-03;28;-16.05;3.18;55.44;1.58;4.51;0;756.66;100;-16.05;1.76;1.4;1.3642;321.85
2018-01-06 18:00:00+00;1;15407AMK-03;28;-16.04;1.73;39.97;0.54;2.86;0.59;756.69;100;-16.04;1.76;1.4;1.3641;321.86
2018-01-06 18:46:00+00;1;15407AMK-03;28;-16.21;1.93;17.93;0.5;3.32;0.25;756.63;100;-16.21;1.73;1.38;1.365;321.75
2018-01-06 19:31:00+00;1;15407AMK-03;28;-16.22;2.84;41.66;1.87;4.14;0.33;756.67;100;-16.22;1.73;1.38;1.3651;321.74
2018-01-06 20:17:00+00;1;15407AMK-03;28;-16.43;2.37;53.06;1.15;5.66;0.32;756.62;100;-16.43;1.7;1.35;1.3661;321.61
2018-01-06 21:02:00+00;1;15407AMK-03;28;-16.52;5.09;28.49;1.8;9.01;-0.2;756.54;100;-16.52;1.69;1.34;1.3664;321.55
2018-01-06 21:48:00+00;1;15407AMK-03;28;-17.17;2.37;32.3;0.96;3.8;0.11;756.4;100;-17.17;1.6;1.27;1.3697;321.14
2018-01-06 22:33:00+00;1;15407AMK-03;28;-17.38;3.33;32.19;1;5.41;0.25;756.3;100;-17.38;1.57;1.25;1.3707;321
2018-01-06 23:19:00+00;1;15407AMK-03;28;-17.57;3.36;21.56;1.45;5.73;0.05;756.31;100;-17.57;1.55;1.23;1.3717;320.89
2018-01-07 00:04:00+00;1;15407AMK-03;28;-17.84;4.22;29.62;1.83;6.7;-0.35;756.17;100;-17.84;1.51;1.2;1.373;320.71
2018-01-07 00:50:00+00;1;15407AMK-03;28;-17.86;3.61;20.13;1.16;5.82;-0.12;755.9;100;-17.86;1.51;1.2;1.3726;320.7
2018-01-07 01:35:00+00;1;15407AMK-03;28;-17.49;4.4;14.3;1.6;6.79;-0.23;755.66;100;-17.49;1.56;1.24;1.3701;320.94
2018-01-07 02:21:00+00;1;15407AMK-03;28;-17.4;2.75;32.12;0.69;5.03;-0.28;755.74;100;-17.4;1.57;1.25;1.3698;321
2018-01-07 03:06:00+00;1;15407AMK-03;28;-17.42;1.34;20.98;0.27;2.37;0.17;755.9;100;-17.42;1.57;1.25;1.3702;320.98
2018-01-07 03:52:00+00;1;15407AMK-03;28;-17;2.58;21.67;0.95;5.15;0.47;755.98;100;-17;1.62;1.29;1.368;321.25
2018-01-07 04:37:00+00;1;15407AMK-03;28;-16.81;3.24;39.16;1.9;4.55;0.08;755.99;100;-16.81;1.65;1.31;1.367;321.37
2018-01-07 05:23:00+00;1;15407AMK-03;28;-16.34;2.55;55.69;0.85;4.27;0.2;756;100;-16.34;1.71;1.36;1.3645;321.66
2018-01-07 06:08:00+00;1;15407AMK-03;28;-15.78;3.39;50.57;1.68;5.82;-0.19;755.81;97.16;-16.13;1.75;1.39;1.3612;322.02
2018-01-07 06:54:00+00;1;15407AMK-03;28;-15.26;3.8;44.44;2.11;6.13;0.25;755.74;92.9;-16.15;1.74;1.38;1.3583;322.34
2018-01-07 07:39:00+00;1;15407AMK-03;28;-14.75;2.63;58.2;1.17;4.16;0.56;755.8;84.08;-16.84;1.64;1.31;1.3558;322.66
2018-01-07 08:25:00+00;1;15407AMK-03;28;-14.62;2.47;30.54;1.26;4.49;0.37;756.06;92.13;-15.61;1.82;1.45;1.3555;322.75
2018-01-07 09:10:00+00;1;15407AMK-03;28;-14.28;3.29;33.22;1.63;6.58;0.72;756;94.46;-14.97;1.92;1.53;1.3535;322.97
2018-01-07 09:55:00+00;1;15407AMK-03;28;-14.14;5.42;45.3;3.69;7.59;0;756.28;95.81;-14.66;1.97;1.57;1.3533;323.06
2018-01-07 10:41:00+00;1;15407AMK-03;28;-13.94;3.93;53.88;1.97;6.45;0.24;756.43;95.63;-14.49;2;1.59;1.3525;323.18
2018-01-07 11:26:00+00;1;15407AMK-03;28;-13.86;4.49;41.63;2.48;6.51;-0.11;756.44;94.4;-14.57;1.98;1.58;1.3521;323.23
2018-01-07 12:12:00+00;1;15407AMK-03;28;-14.04;5.03;50.7;2.95;6.99;0;756.59;93.88;-14.81;1.95;1.55;1.3533;323.12
2018-01-07 12:57:00+00;1;15407AMK-03;28;-14.19;5.1;40.9;2.35;7.4;-0.12;756.64;93.4;-15.03;1.91;1.52;1.3542;323.02
2018-01-07 13:43:00+00;1;15407AMK-03;28;-14.1;4.3;51.13;1.3;6.55;0.05;756.65;93.49;-14.92;1.93;1.53;1.3538;323.08
2018-01-07 14:28:00+00;1;15407AMK-03;28;-14.23;4.14;37.62;1.8;6.34;-0.42;756.69;94.25;-14.95;1.92;1.53;1.3545;323
2018-01-07 15:14:00+00;1;15407AMK-03;28;-14.65;5.25;43.73;2.85;8.77;-0.81;756.7;96.66;-15.06;1.91;1.52;1.3567;322.73
2018-01-07 15:59:00+00;1;15407AMK-03;28;-14.88;4.02;43.56;2;6.95;0.34;756.73;98.48;-15.07;1.91;1.51;1.358;322.59
2018-01-07 16:45:00+00;1;15407AMK-03;28;-14.96;5.25;45.73;3.17;7.17;-0.26;756.79;98.39;-15.16;1.89;1.5;1.3585;322.54
2018-01-07 17:30:00+00;1;15407AMK-03;28;-15.25;4.95;49.57;1.75;8.07;0.61;757.06;96.8;-15.65;1.82;1.44;1.3606;322.35
2018-01-07 18:16:00+00;1;15407AMK-03;28;-15.61;3.82;51.01;1.97;6.57;0.42;757.14;98.89;-15.74;1.8;1.43;1.3626;322.13
2018-01-07 19:01:00+00;1;15407AMK-03;28;-16.13;4.24;46.86;1.38;7.29;-0.21;757.11;100;-16.13;1.74;1.39;1.3654;321.8
2018-01-07 19:47:00+00;1;15407AMK-03;28;-16.64;6.09;51.77;4.21;8.86;-0.4;757.08;100;-16.64;1.67;1.33;1.3681;321.48
2018-01-07 20:32:00+00;1;15407AMK-03;28;-16.93;5.15;42.65;2.61;7.44;-0.37;757.1;100;-16.93;1.63;1.3;1.3697;321.29
2018-01-07 21:18:00+00;1;15407AMK-03;28;-17.54;4.75;44.12;2.67;7.02;-0.31;757.06;100;-17.54;1.55;1.23;1.3729;320.91
2018-01-07 22:03:00+00;1;15407AMK-03;28;-18.08;4.97;44.12;3.13;7.48;-0.22;757;100;-18.08;1.48;1.18;1.3758;320.56
2018-01-07 22:49:00+00;1;15407AMK-03;28;-18.35;4.41;45.21;2.62;6.42;-0.63;757.02;100;-18.35;1.45;1.15;1.3773;320.39
2018-01-07 23:34:00+00;1;15407AMK-03;28;-18.44;3.63;38.77;1.56;5.91;-0.05;757.01;100;-18.44;1.44;1.14;1.3778;320.33
2018-01-08 00:20:00+00;1;15407AMK-03;28;-18.54;3.44;47.67;1.42;5.74;0.02;756.98;100;-18.54;1.42;1.13;1.3782;320.27
2018-01-08 01:05:00+00;1;15407AMK-03;28;-19.15;1.92;30.91;0.98;2.95;0.19;756.93;100;-19.15;1.35;1.07;1.3815;319.89
2018-01-08 01:51:00+00;1;15407AMK-03;28;-19.38;2.28;32.7;0.96;3.55;-0.21;756.91;100;-19.38;1.33;1.05;1.3827;319.74
2018-01-08 02:36:00+00;1;15407AMK-03;28;-19.38;2.01;30.63;1.24;3.06;0.02;756.91;100;-19.38;1.33;1.05;1.3827;319.74
2018-01-08 03:22:00+00;1;15407AMK-03;28;-19.36;3.24;20.84;2.1;4.64;-0.51;756.89;100;-19.36;1.33;1.06;1.3826;319.75
2018-01-08 04:07:00+00;1;15407AMK-03;28;-19.31;2.32;13.65;1.21;3.39;-0.03;756.99;90.96;-20.41;1.21;0.96;1.3826;319.78
2018-01-08 04:53:00+00;1;15407AMK-03;28;-18.69;3.37;16.79;1.68;6.43;0;757.03;89.8;-19.95;1.26;1;1.3793;320.17
2018-01-08 05:38:00+00;1;15407AMK-03;28;-17.8;1.19;6.79;0.24;2.5;0.28;757.09;75.52;-21.08;1.15;0.91;1.3746;320.72
2018-01-08 06:24:00+00;1;15407AMK-03;28;-16.98;2.36;19.73;1.34;3.57;0.06;757;70.36;-21.09;1.14;0.91;1.37;321.24
2018-01-08 07:09:00+00;1;15407AMK-03;28;-16.03;2.06;354.57;0.98;4.61;-0.07;756.8;62.52;-21.54;1.1;0.87;1.3647;321.83
2018-01-08 07:55:00+00;1;15407AMK-03;28;-15.29;2.64;355.71;1.23;4.44;-0.19;756.72;65.78;-20.25;1.23;0.98;1.3605;322.3
2018-01-08 08:40:00+00;1;15407AMK-03;28;-14.59;0.77;322.99;0.31;1.58;-0.12;756.58;59.44;-20.75;1.18;0.94;1.3566;322.74
2018-01-08 09:26:00+00;1;15407AMK-03;28;-14.53;1.37;309.8;0.27;2.7;-0.03;756.04;69.77;-18.84;1.39;1.1;1.3552;322.78
2018-01-08 10:11:00+00;1;15407AMK-03;28;-14.83;1.39;322.07;0.55;3.28;0.01;755.77;89.04;-16.23;1.73;1.38;1.3561;322.61
2018-01-08 10:57:00+00;1;15407AMK-03;28;-15.01;1.45;310.63;0.72;2.58;-0.01;755.31;93.11;-15.87;1.78;1.42;1.3562;322.5
2018-01-08 11:42:00+00;1;15407AMK-03;28;-14.82;1.85;315.68;0.79;3.22;-0.13;755.09;91.25;-15.93;1.77;1.41;1.3548;322.62
2018-01-08 12:28:00+00;1;15407AMK-03;28;-15.29;1.69;301.2;0.71;3.02;-0.24;754.56;95.46;-15.85;1.79;1.42;1.3563;322.33
2018-01-08 13:13:00+00;1;15407AMK-03;28;-14.85;2.03;282.16;0.78;3.71;-0.17;754.19;94.32;-15.56;1.83;1.45;1.3533;322.6
2018-01-08 13:58:00+00;1;15407AMK-03;28;-15;1.69;301.84;0.64;3.19;-0.01;753.87;90.23;-16.24;1.73;1.37;1.3536;322.51
2018-01-08 14:44:00+00;1;15407AMK-03;28;-15.36;1.47;301.17;0.09;2.91;-0.07;753.2;90.5;-16.56;1.68;1.34;1.3543;322.28
2018-01-08 15:29:00+00;1;15407AMK-03;28;-15.6;2.37;299.2;0.36;4.62;-0.01;752.79;91.41;-16.68;1.67;1.33;1.3548;322.13
2018-01-08 16:15:00+00;1;15407AMK-03;28;-15.08;1.8;297.33;0.61;2.72;-0.13;752.31;87.85;-16.64;1.67;1.33;1.3512;322.45
2018-01-08 17:00:00+00;1;15407AMK-03;28;-14.47;1.58;299.21;0.71;3.25;0;752.18;87.01;-16.15;1.74;1.38;1.3478;322.84
2018-01-08 17:46:00+00;1;15407AMK-03;28;-14.49;2.14;294.31;0.53;3.96;-0.11;751.68;83.85;-16.62;1.68;1.33;1.347;322.82
2018-01-08 18:31:00+00;1;15407AMK-03;28;-15.1;2.15;298.84;0.89;3.89;-0.22;751.2;89.19;-16.48;1.69;1.35;1.3494;322.44
2018-01-08 19:17:00+00;1;15407AMK-03;28;-14.92;1.75;303.4;0.69;3.18;-0.07;750.86;92.45;-15.87;1.78;1.42;1.3477;322.56
2018-01-08 20:02:00+00;1;15407AMK-03;28;-14.23;2.09;299.49;1.02;5.1;-0.14;750.56;93.2;-15.08;1.9;1.51;1.3435;323
2018-01-08 20:48:00+00;1;15407AMK-03;28;-14.41;2.14;312.7;0.99;3.47;-0.22;750.3;94.44;-15.1;1.9;1.51;1.344;322.89
2018-01-08 21:33:00+00;1;15407AMK-03;28;-13.23;2.34;329.4;0.69;4.47;-0.31;749.9;91.33;-14.35;2.02;1.61;1.3371;323.62
2018-01-08 22:19:00+00;1;15407AMK-03;28;-12.46;3.13;355.29;1.15;6.89;0.11;749.56;88.04;-14.03;2.07;1.65;1.3325;324.11
2018-01-08 23:04:00+00;1;15407AMK-03;28;-11.21;4.01;4.8;1.26;6.78;-0.27;749.34;77.88;-14.31;2.03;1.61;1.3258;324.88
2018-01-08 23:50:00+00;1;15407AMK-03;28;-11.44;3.79;6.47;1.3;7.33;0.07;749.05;77.97;-14.51;1.99;1.59;1.3265;324.74
2018-01-09 00:35:00+00;1;15407AMK-03;28;-11.49;2.95;7.37;0.8;5.12;0.12;748.85;80.16;-14.23;2.04;1.62;1.3264;324.71
2018-01-09 01:21:00+00;1;15407AMK-03;28;-11.93;2.17;341.3;0.71;5.2;0.27;748.83;81.91;-14.39;2.01;1.6;1.3286;324.43
2018-01-09 02:06:00+00;1;15407AMK-03;28;-11.71;4.3;354.08;1.02;8.09;0;748.83;80.77;-14.34;2.02;1.61;1.3274;324.57
2018-01-09 02:52:00+00;1;15407AMK-03;28;-11.82;3.52;6.93;1.59;6.2;0.05;748.83;80.34;-14.53;1.99;1.58;1.3281;324.5
2018-01-09 03:37:00+00;1;15407AMK-03;28;-12;4.61;0.4;1.25;7.46;-0.57;748.81;79.2;-14.87;1.94;1.54;1.3289;324.39
2018-01-09 04:23:00+00;1;15407AMK-03;28;-11.58;4.58;13.9;1.75;7.38;-0.04;748.84;76.69;-14.85;1.94;1.54;1.3268;324.65
2018-01-09 05:08:00+00;1;15407AMK-03;28;-10.89;4.54;6.15;2.28;7.6;-0.74;748.83;70.24;-15.25;1.88;1.49;1.3234;325.07
2018-01-09 05:54:00+00;1;15407AMK-03;28;-10.4;4.91;11.61;1.97;7.85;0;748.4;67.12;-15.33;1.86;1.48;1.3202;325.37
2018-01-09 06:39:00+00;1;15407AMK-03;28;-9.84;5.51;10.64;1.48;12.08;-0.5;748.08;67.81;-14.67;1.97;1.57;1.3167;325.73
2018-01-09 07:25:00+00;1;15407AMK-03;28;-9.92;4.47;7.44;1.03;8.38;-0.7;747.9;66.54;-14.98;1.92;1.53;1.3168;325.67
2018-01-09 08:10:00+00;1;15407AMK-03;28;-10.37;3.37;14.83;1.44;6.79;0.33;748.25;70.98;-14.62;1.98;1.57;1.3197;325.4
2018-01-09 08:56:00+00;1;15407AMK-03;28;-10.88;4.03;9.77;1.43;8.05;-0.04;748.31;74.9;-14.46;2;1.59;1.3223;325.09
2018-01-09 09:41:00+00;1;15407AMK-03;28;-11.21;2.43;348.27;0.02;4.4;-0.05;748.38;81.67;-13.72;2.13;1.69;1.3241;324.89
2018-01-09 10:27:00+00;1;15407AMK-03;28;-10.75;3.45;3.02;1.58;6.63;-0.17;748.33;79.97;-13.53;2.16;1.72;1.3216;325.18
2018-01-09 11:12:00+00;1;15407AMK-03;28;-10.36;2.91;352.97;1.15;6.26;0.14;747.88;82.1;-12.83;2.29;1.82;1.3188;325.42
2018-01-09 11:58:00+00;1;15407AMK-03;28;-10.32;4.78;13.77;2.89;7.08;-0.05;747.99;90.14;-11.63;2.52;2;1.3187;325.46
2018-01-09 12:43:00+00;1;15407AMK-03;28;-10.51;5.03;7.14;2.28;9.75;-0.05;748.17;100;-10.51;2.75;2.19;1.3198;325.35
2018-01-09 13:29:00+00;1;15407AMK-03;28;-10.21;5.08;10.9;1.9;9.99;0.2;748.69;100;-10.21;2.82;2.24;1.3192;325.54
2018-01-09 14:14:00+00;1;15407AMK-03;28;-9.71;5.62;13.99;1.89;9.23;-0.3;748.8;100;-9.71;2.93;2.33;1.3168;325.86
2018-01-09 15:00:00+00;1;15407AMK-03;28;-9.4;4.61;14.44;2.13;7.05;-0.13;748.86;100;-9.4;3.01;2.39;1.3153;326.05
2018-01-09 15:45:00+00;1;15407AMK-03;28;-9.21;3.81;9.62;1.81;6.45;-0.18;748.87;100;-9.21;3.05;2.43;1.3144;326.17
2018-01-09 16:31:00+00;1;15407AMK-03;28;-9.32;3.02;0.27;0.57;6.4;-0.13;748.87;100;-9.32;3.02;2.41;1.315;326.1
2018-01-09 17:16:00+00;1;15407AMK-03;28;-9.1;3.45;5.93;0.84;6.19;-0.17;748.87;100;-9.1;3.08;2.45;1.3138;326.24
2018-01-09 18:01:00+00;1;15407AMK-03;28;-8.78;2.79;355.58;0.98;6.79;0;748.88;100;-8.78;3.15;2.51;1.3122;326.44
2018-01-09 18:47:00+00;1;15407AMK-03;28;-8.6;1.38;4.87;0.11;3.55;0.5;748.87;100;-8.6;3.2;2.55;1.3113;326.56
2018-01-09 19:32:00+00;1;15407AMK-03;28;-7.66;3.19;13.97;0.93;6.64;0.04;748.86;100;-7.66;3.44;2.74;1.3065;327.15
2018-01-09 20:18:00+00;1;15407AMK-03;28;-7.31;4.4;2.02;1.26;8.21;-0.52;748.86;100;-7.31;3.54;2.82;1.3047;327.37
2018-01-09 21:03:00+00;1;15407AMK-03;28;-7.12;1.97;4.32;0.13;4.14;0.04;748.86;100;-7.12;3.59;2.86;1.3038;327.49
2018-01-09 21:49:00+00;1;15407AMK-03;28;-6.71;3.98;10.31;0.55;8.07;0.22;748.85;100;-6.71;3.7;2.95;1.3017;327.75
2018-01-09 22:34:00+00;1;15407AMK-03;28;-6.42;3.62;7.11;1.83;5.96;-0.39;748.85;100;-6.42;3.79;3.02;1.3002;327.93
2018-01-09 23:20:00+00;1;15407AMK-03;28;-6.24;3.24;21.4;1.48;6.42;-0.07;748.85;100;-6.24;3.84;3.06;1.2993;328.04
2018-01-10 00:05:00+00;1;15407AMK-03;28;-6.23;2.06;351.24;0.76;4.21;0.05;748.65;100;-6.23;3.84;3.06;1.2989;328.05
2018-01-10 00:51:00+00;1;15407AMK-03;28;-6.09;2.25;352.58;0.68;4.9;-0.46;748.11;100;-6.09;3.88;3.09;1.2972;328.14
2018-01-10 01:36:00+00;1;15407AMK-03;28;-5.91;2.35;352.81;0.28;4.67;0.27;747.92;100;-5.91;3.94;3.14;1.296;328.25
2018-01-10 02:22:00+00;1;15407AMK-03;28;-5.68;2.09;351.3;0.75;4.65;0.1;747.42;100;-5.68;4.01;3.19;1.294;328.4
2018-01-10 03:07:00+00;1;15407AMK-03;28;-5.29;2.37;347.92;0.41;4.81;0.03;747.23;100;-5.29;4.12;3.29;1.2917;328.64
2018-01-10 03:53:00+00;1;15407AMK-03;28;-5.02;1.33;347.02;0.19;3.23;-0.27;746.94;100;-5.02;4.21;3.36;1.2899;328.81
2018-01-10 04:38:00+00;1;15407AMK-03;28;-4.62;1.68;358.92;0.35;4.06;0.14;746.41;100;-4.62;4.34;3.46;1.287;329.06
2018-01-10 05:24:00+00;1;15407AMK-03;28;-4.11;2.72;358.09;0.7;5.97;0.33;746.22;100;-4.11;4.51;3.6;1.2841;329.39
2018-01-10 06:09:00+00;1;15407AMK-03;28;-3.7;3.76;12.04;1.57;11.31;0.34;745.88;100;-3.7;4.65;3.71;1.2815;329.64
2018-01-10 06:55:00+00;1;15407AMK-03;28;-3.58;5.41;23.51;2.48;8.4;-0.44;745.55;100;-3.58;4.69;3.74;1.2803;329.72
2018-01-10 07:40:00+00;1;15407AMK-03;28;-3.43;2.2;15.36;0.36;4.75;0.29;745.3;100;-3.43;4.75;3.78;1.2792;329.82
2018-01-10 08:26:00+00;1;15407AMK-03;28;-3.18;4.65;4.36;1.76;8.19;-0.21;745.21;100;-3.18;4.84;3.86;1.2778;329.97
2018-01-10 09:11:00+00;1;15407AMK-03;28;-3.07;3.34;10.01;1.03;6.39;0.44;745.22;100;-3.07;4.87;3.89;1.2773;330.04
2018-01-10 09:57:00+00;1;15407AMK-03;28;-3.06;4.4;14.6;2.34;7.19;-0.17;745.2;100;-3.06;4.88;3.89;1.2772;330.05
2018-01-10 10:42:00+00;1;15407AMK-03;28;-2.96;4.78;11.77;1.96;9.39;-0.25;745.15;100;-2.96;4.92;3.92;1.2766;330.11
2018-01-10 11:28:00+00;1;15407AMK-03;28;-2.79;4.74;12.42;3.29;7.07;-0.67;745.14;100;-2.79;4.98;3.97;1.2757;330.22
2018-01-10 12:13:00+00;1;15407AMK-03;28;-2.6;6.42;21.75;3.41;10.12;-0.11;744.81;100;-2.6;5.05;4.02;1.2742;330.34
2018-01-10 12:59:00+00;1;15407AMK-03;28;-2.7;4.67;14.27;1.88;10.07;-0.17;744.66;100;-2.7;5.01;4;1.2745;330.28
2018-01-10 13:44:00+00;1;15407AMK-03;28;-2.5;4.12;21.4;1.15;6.87;0.38;744.68;100;-2.5;5.09;4.06;1.2735;330.4
2018-01-10 14:30:00+00;1;15407AMK-03;28;-2.66;3.95;12.5;0.6;7.3;-0.6;744.56;100;-2.66;5.03;4.01;1.2741;330.3
2018-01-10 15:15:00+00;1;15407AMK-03;28;-2.54;4.6;27.19;2.03;7.4;-0.31;744.42;100;-2.54;5.07;4.04;1.2733;330.38
2018-01-10 16:01:00+00;1;15407AMK-03;28;-2.37;4.12;16.94;2.31;6.43;0.13;744.32;100;-2.37;5.13;4.09;1.2723;330.48
2018-01-10 16:46:00+00;1;15407AMK-03;28;-2.5;4.03;21.37;1.86;8.71;-0.31;744.27;100;-2.5;5.09;4.06;1.2728;330.4
2018-01-10 17:32:00+00;1;15407AMK-03;28;-2.46;3.84;19.36;1.64;6.4;0.32;743.93;100;-2.46;5.1;4.07;1.272;330.43
2018-01-10 18:17:00+00;1;15407AMK-03;28;-2.38;4;19.05;2.13;5.58;-0.47;743.73;100;-2.38;5.13;4.09;1.2713;330.47
2018-01-10 19:03:00+00;1;15407AMK-03;28;-2.43;3.64;3.88;0.48;7.79;-0.25;743.31;100;-2.43;5.11;4.08;1.2708;330.44
2018-01-10 19:48:00+00;1;15407AMK-03;28;-2.33;2.97;2.97;0.79;7.07;-0.07;742.86;100;-2.33;5.15;4.11;1.2696;330.51
2018-01-10 20:34:00+00;1;15407AMK-03;28;-2.33;2.51;5.87;1.01;5.04;-0.15;742.36;100;-2.33;5.15;4.11;1.2687;330.51
2018-01-10 21:19:00+00;1;15407AMK-03;28;-2.37;3.46;356.98;1.33;6.55;-0.24;742.11;100;-2.37;5.13;4.09;1.2685;330.48
2018-01-10 22:05:00+00;1;15407AMK-03;28;-2.38;3.87;11.33;1.54;6.56;0.04;741.51;100;-2.38;5.13;4.09;1.2675;330.48
2018-01-10 22:50:00+00;1;15407AMK-03;28;-2.3;3.49;15.01;1.58;5.95;0.2;741.29;100;-2.3;5.16;4.12;1.2667;330.53
2018-01-10 23:35:00+00;1;15407AMK-03;28;-2.13;4.55;15.13;2.29;7.49;-0.38;740.91;100;-2.13;5.22;4.17;1.2653;330.63
2018-01-11 00:21:00+00;1;15407AMK-03;28;-1.87;3.7;356.66;1.42;7.45;-0.18;740.64;100;-1.87;5.33;4.25;1.2635;330.8
2018-01-11 01:06:00+00;1;15407AMK-03;28;-1.59;4.39;2.34;1.27;8.7;-0.16;739.86;100;-1.59;5.44;4.34;1.2608;330.98
2018-01-11 01:52:00+00;1;15407AMK-03;28;-1.69;3.55;14.99;1.47;5.47;0.02;739.58;100;-1.69;5.4;4.31;1.2608;330.91
2018-01-11 02:37:00+00;1;15407AMK-03;28;-1.62;4.47;4.68;1.02;8.42;-0.12;739.13;100;-1.62;5.43;4.33;1.2597;330.96
2018-01-11 03:23:00+00;1;15407AMK-03;28;-1.39;4.12;357.59;0.78;10.33;-0.22;738.38;100;-1.39;5.52;4.4;1.2573;331.1
2018-01-11 04:08:00+00;1;15407AMK-03;28;-1.23;2.46;339.3;0.13;6.3;-0.26;737.34;100;-1.23;5.58;4.45;1.2548;331.2
2018-01-11 04:54:00+00;1;15407AMK-03;28;-0.87;4.11;355.72;1.52;6.85;-0.22;737.25;100;-0.87;5.73;4.57;1.2529;331.43
2018-01-11 05:39:00+00;1;15407AMK-03;28;-0.29;1.79;349.28;0.13;3.72;0.18;736.21;88.9;-1.9;5.32;4.24;1.2487;331.76
2018-01-11 06:25:00+00;1;15407AMK-03;28;0.66;3.83;356.92;0.25;9.28;0.11;735.52;76.12;-3.07;4.88;3.89;1.2434;332.32
2018-01-11 07:10:00+00;1;15407AMK-03;28;1.25;5.13;19.11;1.8;11.11;0.07;734.81;69.18;-3.77;4.62;3.69;1.2397;332.66
2018-01-11 07:56:00+00;1;15407AMK-03;28;0.99;4.85;13.44;0.73;9.63;0.04;734.44;70.73;-3.73;4.64;3.7;1.2402;332.51
2018-01-11 08:41:00+00;1;15407AMK-03;28;0.8;7.78;20.79;3.81;12.95;-0.58;734.34;72.33;-3.61;4.68;3.73;1.2409;332.39
2018-01-11 09:27:00+00;1;15407AMK-03;28;-0.55;3.86;29.49;0.76;8.28;0.57;735.34;94.74;-1.28;5.56;4.44;1.2482;331.62
2018-01-11 10:12:00+00;1;15407AMK-03;28;-1.27;4.85;27.28;1.13;9.09;-0.15;735.34;100;-1.27;5.57;4.44;1.2516;331.18
2018-01-11 10:58:00+00;1;15407AMK-03;28;-1.61;5.96;34.07;3.06;9.36;-0.18;735.4;100;-1.61;5.43;4.33;1.2533;330.97
2018-01-11 11:43:00+00;1;15407AMK-03;28;-1.47;9.48;25.72;2.77;15.25;-0.57;735.24;90.38;-2.84;4.96;3.95;1.2527;331.02
2018-01-11 12:29:00+00;1;15407AMK-03;28;-2.54;6.5;42.58;2.16;11.92;0.13;735.6;70.81;-7.11;3.59;2.86;1.2589;330.3
2018-01-11 13:14:00+00;1;15407AMK-03;28;-3.19;8.24;25.2;2.09;14.41;0.12;735.48;71.68;-7.58;3.46;2.76;1.2618;329.9
2018-01-11 14:00:00+00;1;15407AMK-03;28;-4.03;4.87;38.4;1.5;10.6;0.54;735.67;78.78;-7.17;3.57;2.85;1.2661;329.39
2018-01-11 14:45:00+00;1;15407AMK-03;28;-4.58;6.27;30.57;2.58;11.68;0.3;735.45;80.88;-7.36;3.52;2.8;1.2683;329.05
2018-01-11 15:31:00+00;1;15407AMK-03;28;-5.35;5.14;14.37;0.07;12.09;-0.11;735.18;92.81;-6.33;3.81;3.04;1.2713;328.59
2018-01-11 16:16:00+00;1;15407AMK-03;28;-5.21;9.36;20.47;4.7;14.66;-0.88;734.47;84.19;-7.46;3.5;2.78;1.2696;328.66
2018-01-11 17:02:00+00;1;15407AMK-03;28;-5.5;7.46;22.17;1.5;16.63;0.05;734.33;86.91;-7.34;3.53;2.81;1.2707;328.48
2018-01-11 17:47:00+00;1;15407AMK-03;28;-6.3;7.75;33.98;1.36;15.59;-0.09;734.48;100;-6.3;3.82;3.04;1.2746;328.01
2018-01-11 18:33:00+00;1;15407AMK-03;28;-6.81;7.91;17.16;3.12;12.94;0.18;734.41;98.7;-6.98;3.63;2.89;1.277;327.69
2018-01-11 19:18:00+00;1;15407AMK-03;28;-7.53;3.29;15.73;1.27;6.42;0.71;734.56;100;-7.53;3.48;2.77;1.2809;327.23
2018-01-11 20:04:00+00;1;15407AMK-03;28;-7.43;6.55;28.02;3.09;11.57;-0.55;734.93;100;-7.43;3.5;2.79;1.281;327.3
2018-01-11 20:49:00+00;1;15407AMK-03;28;-7.62;6.73;30.7;3.46;12.43;0.54;735.26;100;-7.62;3.45;2.75;1.2825;327.18
2018-01-11 21:35:00+00;1;15407AMK-03;28;-7.83;7.43;34.68;1.75;15.04;0.72;735.5;100;-7.83;3.4;2.7;1.284;327.05
2018-01-11 22:20:00+00;1;15407AMK-03;28;-8.07;9.58;40.94;4.78;16.22;-0.07;736.18;100;-8.07;3.33;2.65;1.2864;326.89
2018-01-11 23:06:00+00;1;15407AMK-03;28;-8.35;6.48;34.81;1.36;12.64;0.57;736.79;100;-8.35;3.26;2.6;1.2888;326.71
2018-01-11 23:51:00+00;1;15407AMK-03;28;-8.39;6.37;34.87;0.76;10.06;0.35;737.59;100;-8.39;3.25;2.59;1.2905;326.69
2018-01-12 00:37:00+00;1;15407AMK-03;28;-8.33;8.62;28.22;3.91;17.26;0.93;738.25;97.29;-8.69;3.18;2.53;1.2914;326.72
2018-01-12 01:22:00+00;1;15407AMK-03;28;-8.65;10.13;49.24;4.08;16.07;0.17;738.93;96.1;-9.16;3.06;2.44;1.2942;326.52
2018-01-12 02:08:00+00;1;15407AMK-03;28;-9.01;9.79;50.02;4.3;14.81;-0.29;739.56;94.64;-9.72;2.93;2.33;1.2971;326.29
2018-01-12 02:53:00+00;1;15407AMK-03;28;-9.53;7.15;43.67;2.62;12.35;0.12;740.61;99.14;-9.64;2.95;2.35;1.3015;325.97
2018-01-12 03:38:00+00;1;15407AMK-03;28;-9.77;7.38;43.26;3.03;11.37;0.14;740.95;98.31;-9.99;2.87;2.28;1.3033;325.82
2018-01-12 04:24:00+00;1;15407AMK-03;28;-10.11;7.04;47.05;2.16;11.54;0.17;741.41;100;-10.11;2.84;2.26;1.3058;325.61
2018-01-12 05:09:00+00;1;15407AMK-03;28;-9.98;6.03;40.02;2.12;10.59;0.38;741.88;94.98;-10.63;2.73;2.17;1.3061;325.68
2018-01-12 05:55:00+00;1;15407AMK-03;28;-10.06;5.43;41.2;1.32;9.47;0.15;742.33;95.68;-10.62;2.73;2.17;1.3073;325.63
2018-01-12 06:40:00+00;1;15407AMK-03;28;-9.97;7.37;45.83;2.34;11.86;-0.26;742.47;91.05;-11.15;2.62;2.08;1.3071;325.68
2018-01-12 07:26:00+00;1;15407AMK-03;28;-10.02;4.82;48.06;1.82;9.12;0.25;742.96;87.03;-11.77;2.49;1.98;1.3083;325.64
2018-01-12 08:11:00+00;1;15407AMK-03;28;-10.19;5.24;45.59;1.95;9.04;0.46;743.39;91.08;-11.37;2.57;2.05;1.3099;325.54
2018-01-12 08:57:00+00;1;15407AMK-03;28;-10.3;5.25;35.52;1.16;9.83;0.28;743.71;95.27;-10.91;2.67;2.12;1.3109;325.48
2018-01-12 09:42:00+00;1;15407AMK-03;28;-10.29;6.37;56.7;3.31;9.73;0.11;744.04;93.11;-11.19;2.61;2.08;1.3115;325.48
2018-01-12 10:28:00+00;1;15407AMK-03;28;-10.69;4.37;55.29;1.21;7.28;0.27;744.65;95.16;-11.31;2.58;2.06;1.3146;325.23
2018-01-12 11:13:00+00;1;15407AMK-03;28;-11.16;5.49;43.65;2.86;7.68;0.18;744.98;97.04;-11.53;2.54;2.02;1.3175;324.94
2018-01-12 11:59:00+00;1;15407AMK-03;28;-11.52;4.85;43.66;2.23;6.44;-0.13;745.38;100;-11.52;2.54;2.02;1.3201;324.71
2018-01-12 12:44:00+00;1;15407AMK-03;28;-11.84;3.76;48.1;2.01;8.05;0.36;745.74;100;-11.84;2.48;1.97;1.3224;324.51
2018-01-12 13:30:00+00;1;15407AMK-03;28;-11.76;2.49;41.33;1.1;4.57;-0.2;745.95;100;-11.76;2.49;1.98;1.3223;324.57
2018-01-12 14:15:00+00;1;15407AMK-03;28;-11.64;4.38;48.44;2.13;7.73;0.04;746.08;100;-11.64;2.52;2;1.3219;324.64
2018-01-12 15:01:00+00;1;15407AMK-03;28;-12.09;3.28;22.3;1.16;5.95;-0.37;746.28;100;-12.09;2.43;1.93;1.3246;324.36
2018-01-12 15:46:00+00;1;15407AMK-03;28;-11.7;4.29;47.89;1.44;7.51;0.32;746.35;100;-11.7;2.5;1.99;1.3227;324.6
2018-01-12 16:32:00+00;1;15407AMK-03;28;-12.33;3.31;20.13;1.2;6.91;0.23;746.36;100;-12.33;2.38;1.89;1.326;324.2
2018-01-12 17:17:00+00;1;15407AMK-03;28;-12.47;4.04;20.88;1.77;6.58;-0.44;746.36;100;-12.47;2.35;1.87;1.3267;324.12
2018-01-12 18:03:00+00;1;15407AMK-03;28;-12.45;4.11;26.06;2.01;6.36;-0.5;746.32;100;-12.45;2.36;1.88;1.3266;324.13
2018-01-12 18:48:00+00;1;15407AMK-03;28;-12.55;2.5;17.11;0.79;4.33;-0.13;746.32;100;-12.55;2.34;1.86;1.3271;324.07
2018-01-12 19:34:00+00;1;15407AMK-03;28;-12.57;2.86;22.22;0.81;6.12;0.25;746.35;100;-12.57;2.33;1.86;1.3273;324.05
2018-01-12 20:19:00+00;1;15407AMK-03;28;-12.79;2.65;23.82;1.53;3.93;-0.05;746.33;100;-12.79;2.29;1.82;1.3284;323.91
2018-01-12 21:05:00+00;1;15407AMK-03;28;-12.75;2.71;43.36;1.11;4.1;-0.09;746.33;100;-12.75;2.3;1.83;1.3281;323.94
2018-01-12 21:50:00+00;1;15407AMK-03;28;-13.45;1.45;27.83;0.65;2.34;0.24;746.36;100;-13.45;2.18;1.73;1.3318;323.5
2018-01-12 22:36:00+00;1;15407AMK-03;28;-13.6;3.75;46;2.02;5.16;0;746.62;100;-13.6;2.15;1.71;1.3331;323.4
2018-01-12 23:21:00+00;1;15407AMK-03;28;-14.06;2.8;65.25;1.37;4.38;-0.06;746.74;100;-14.06;2.07;1.64;1.3357;323.11
2018-01-13 00:07:00+00;1;15407AMK-03;28;-14.18;2.95;63.89;1.6;4.39;-0.15;746.98;100;-14.18;2.05;1.63;1.3368;323.03
2018-01-13 00:52:00+00;1;15407AMK-03;28;-14.47;1.69;48.89;0.51;3.17;0.33;747.09;100;-14.47;2;1.59;1.3385;322.85
2018-01-13 01:38:00+00;1;15407AMK-03;28;-14.65;3.87;47.7;2.16;5.63;-0.05;747.1;100;-14.65;1.97;1.57;1.3395;322.74
2018-01-13 02:23:00+00;1;15407AMK-03;28;-14.86;4.23;64.17;1;7.67;0.1;747.18;100;-14.86;1.94;1.54;1.3407;322.61
2018-01-13 03:09:00+00;1;15407AMK-03;28;-15.49;2.65;46.62;1.47;4.04;-0.02;747.22;100;-15.49;1.84;1.46;1.3441;322.21
2018-01-13 03:54:00+00;1;15407AMK-03;28;-15.76;2.76;56.6;2.1;3.68;0.06;747.2;100;-15.76;1.8;1.43;1.3455;322.03
2018-01-13 04:40:00+00;1;15407AMK-03;28;-16.03;2.06;50.99;0.44;3.68;0.25;747.33;100;-16.03;1.76;1.4;1.3472;321.86
2018-01-13 05:25:00+00;1;15407AMK-03;28;-16.28;3.08;60.76;1.23;4.77;-0.02;747.31;96.16;-16.75;1.66;1.32;1.3485;321.7
2018-01-13 06:11:00+00;1;15407AMK-03;28;-15.98;3.82;35.81;1.86;6.39;0.18;747.3;92.76;-16.89;1.64;1.3;1.347;321.89
2018-01-13 06:56:00+00;1;15407AMK-03;28;-15.93;5.55;47.89;4.2;6.69;-0.53;747.09;87.63;-17.51;1.55;1.23;1.3464;321.91
2018-01-13 07:41:00+00;1;15407AMK-03;28;-15.88;2.98;65.97;1.59;4.81;-0.19;746.87;85.34;-17.78;1.52;1.21;1.3457;321.94
2018-01-13 08:27:00+00;1;15407AMK-03;28;-16.03;4.37;52.87;1.85;6.4;0.31;746.8;85.71;-17.87;1.51;1.2;1.3464;321.85
2018-01-13 09:12:00+00;1;15407AMK-03;28;-16.13;1.56;62.2;0.33;2.66;0.01;746.62;87.11;-17.78;1.52;1.21;1.3466;321.79
2018-01-13 09:58:00+00;1;15407AMK-03;28;-16.65;3.19;52.01;1.56;4.34;0.3;746.33;96.61;-17.06;1.61;1.28;1.3487;321.47
2018-01-13 10:43:00+00;1;15407AMK-03;28;-17.03;3.82;43.75;2.41;5.22;-0.29;746.34;100;-17.03;1.62;1.29;1.3507;321.23
2018-01-13 11:29:00+00;1;15407AMK-03;28;-17.62;4.3;46.35;3.2;5.86;-0.07;746.12;100;-17.62;1.54;1.22;1.3535;320.86
2018-01-13 12:14:00+00;1;15407AMK-03;28;-17.94;4.1;49.5;2.75;5.66;0.2;746.1;100;-17.94;1.5;1.19;1.3552;320.65
2018-01-13 13:00:00+00;1;15407AMK-03;28;-18.42;3.95;55.44;1.79;5.39;-0.08;746.05;100;-18.42;1.44;1.14;1.3577;320.35
2018-01-13 13:45:00+00;1;15407AMK-03;28;-19.11;3.97;61.38;2.51;5.82;-0.1;746.06;100;-19.11;1.36;1.08;1.3614;319.91
2018-01-13 14:31:00+00;1;15407AMK-03;28;-19.73;5.16;58.32;2.65;7.66;-0.2;745.97;100;-19.73;1.29;1.02;1.3646;319.52
2018-01-13 15:16:00+00;1;15407AMK-03;28;-20.43;3.69;55.45;1.99;5.55;0.02;746;100;-20.43;1.21;0.96;1.3685;319.07
2018-01-13 16:02:00+00;1;15407AMK-03;28;-21.09;2.63;53.51;1.2;3.88;0.37;745.84;100;-21.09;1.14;0.91;1.3719;318.65
2018-01-13 16:47:00+00;1;15407AMK-03;28;-21.5;4.32;57.67;1.66;7.09;-0.44;745.78;100;-21.5;1.1;0.88;1.374;318.39
2018-01-13 17:33:00+00;1;15407AMK-03;28;-21.98;4.61;46.62;2.83;9.53;0.09;745.49;100;-21.98;1.06;0.84;1.3761;318.08
2018-01-13 18:18:00+00;1;15407AMK-03;28;-22.05;4.6;45.19;2.54;6.09;-0.43;745.59;100;-22.05;1.05;0.84;1.3767;318.04
2018-01-13 19:04:00+00;1;15407AMK-03;28;-22.54;3.78;48.1;1.13;6.54;0.23;745.46;100;-22.54;1.01;0.8;1.3791;317.73
2018-01-13 19:49:00+00;1;15407AMK-03;28;-22.8;3.64;51.08;1.9;5.5;0.13;745.57;100;-22.8;0.98;0.78;1.3808;317.56
2018-01-13 20:35:00+00;1;15407AMK-03;28;-22.62;4.5;45.34;2.29;6.46;-0.07;745.27;100;-22.62;1;0.79;1.3793;317.67
2018-01-13 21:20:00+00;1;15407AMK-03;28;-22.91;4.29;44.88;2.2;6.05;0.39;745.12;100;-22.91;0.98;0.77;1.3806;317.49
2018-01-13 22:06:00+00;1;15407AMK-03;28;-22.97;3.66;39.56;1.67;6.06;0.31;744.77;100;-22.97;0.97;0.77;1.3803;317.45
2018-01-13 22:51:00+00;1;15407AMK-03;28;-22.92;3.84;40.19;1.73;6.38;-0.19;744.77;100;-22.92;0.97;0.77;1.38;317.48
2018-01-13 23:37:00+00;1;15407AMK-03;28;-22.81;3.55;40.86;1.45;5.4;-0.06;744.81;100;-22.81;0.98;0.78;1.3795;317.55
2018-01-14 00:22:00+00;1;15407AMK-03;28;-22.81;4.91;34.29;2.28;10.07;0.71;744.72;100;-22.81;0.98;0.78;1.3793;317.56
2018-01-14 01:08:00+00;1;15407AMK-03;28;-22.77;4.5;42.53;1.77;7.66;0.37;744.67;100;-22.77;0.99;0.78;1.379;317.58
2018-01-14 01:53:00+00;1;15407AMK-03;28;-22.49;3.4;39.38;1.28;5.15;0.74;744.67;100;-22.49;1.01;0.8;1.3774;317.76
2018-01-14 02:39:00+00;1;15407AMK-03;28;-22.04;3.08;24.54;1.05;5.98;0.02;744.57;100;-22.04;1.05;0.84;1.3747;318.05
2018-01-14 03:24:00+00;1;15407AMK-03;28;-21.68;2.76;34.31;0.4;5.1;0.09;744.7;100;-21.68;1.09;0.86;1.373;318.27
2018-01-14 04:10:00+00;1;15407AMK-03;28;-21.38;2.52;16.24;0.35;5.33;0.63;744.45;100;-21.38;1.12;0.89;1.3709;318.47
2018-01-14 04:55:00+00;1;15407AMK-03;28;-20.93;4.83;20.82;2.38;7.59;-0.36;744.12;100;-20.93;1.16;0.92;1.3678;318.75
2018-01-14 05:41:00+00;1;15407AMK-03;28;-20.6;4.9;20.67;2.75;9.85;0;743.96;100;-20.6;1.19;0.95;1.3657;318.96
2018-01-14 06:26:00+00;1;15407AMK-03;28;-20.02;5.7;19.24;2.44;9.33;-0.53;743.9;100;-20.02;1.25;1;1.3624;319.33
2018-01-14 07:12:00+00;1;15407AMK-03;28;-19.52;8.29;44.98;4.1;14.16;0.15;743.91;100;-19.52;1.31;1.04;1.3598;319.65
2018-01-14 07:57:00+00;1;15407AMK-03;28;-19.39;8.16;43.72;3.76;13.39;-0.16;743.93;100;-19.39;1.32;1.05;1.3591;319.73
2018-01-14 08:43:00+00;1;15407AMK-03;28;-19.45;4.13;38.98;0.89;9.96;0.7;744.06;100;-19.45;1.32;1.05;1.3596;319.7
2018-01-14 09:28:00+00;1;15407AMK-03;28;-19.22;4.5;34.14;2.23;9.82;0.6;744.17;100;-19.22;1.34;1.07;1.3586;319.84
2018-01-14 10:14:00+00;1;15407AMK-03;28;-18.97;5.2;34.02;2.22;9.06;0.29;744.45;100;-18.97;1.37;1.09;1.3578;320
2018-01-14 10:59:00+00;1;15407AMK-03;28;-19.16;6.03;33.15;3.06;9.98;-0.4;744.51;100;-19.16;1.35;1.07;1.3589;319.88
2018-01-14 11:44:00+00;1;15407AMK-03;28;-19.3;6;47.86;2.16;10.04;-0.15;744.9;100;-19.3;1.33;1.06;1.3604;319.79
2018-01-14 12:30:00+00;1;15407AMK-03;28;-19.52;5.93;42.03;2.13;13.63;-0.23;744.93;100;-19.52;1.31;1.04;1.3616;319.65
2018-01-14 13:15:00+00;1;15407AMK-03;28;-19.67;4.05;26.92;1.48;6.32;0.49;745.03;100;-19.67;1.29;1.03;1.3626;319.55
2018-01-14 14:01:00+00;1;15407AMK-03;28;-19.81;3.88;45.11;0.19;8.15;0.5;745.02;100;-19.81;1.28;1.02;1.3633;319.47
2018-01-14 14:46:00+00;1;15407AMK-03;28;-20.02;4.26;19.17;0.75;8.9;0.02;744.96;100;-20.02;1.26;1;1.3644;319.33
2018-01-14 15:32:00+00;1;15407AMK-03;28;-20.17;3.61;27.17;1.75;6.57;0.24;744.96;100;-20.17;1.24;0.98;1.3652;319.24
2018-01-14 16:17:00+00;1;15407AMK-03;28;-20.29;7.09;52.89;4.53;10.2;-0.1;744.91;100;-20.29;1.23;0.97;1.3658;319.16
2018-01-14 17:03:00+00;1;15407AMK-03;28;-20.49;5.89;46.4;2.65;10.32;0.05;744.93;100;-20.49;1.21;0.96;1.3669;319.03
2018-01-14 17:48:00+00;1;15407AMK-03;28;-20.82;6.77;52.79;3.3;11.02;-0.35;744.9;100;-20.82;1.17;0.93;1.3687;318.82
2018-01-14 18:34:00+00;1;15407AMK-03;28;-20.92;5.45;61.44;2.42;9.75;-0.31;744.93;100;-20.92;1.16;0.92;1.3693;318.76
2018-01-14 19:19:00+00;1;15407AMK-03;28;-21.18;5.32;59.19;3.05;7.69;-0.09;744.93;100;-21.18;1.13;0.9;1.3707;318.59
2018-01-14 20:05:00+00;1;15407AMK-03;28;-21.57;3.87;61.35;1.38;6.96;0.34;745.07;100;-21.57;1.1;0.87;1.3731;318.35
2018-01-14 20:50:00+00;1;15407AMK-03;28;-21.76;5;46.66;1.45;7.52;-0.06;745.13;100;-21.76;1.08;0.86;1.3742;318.23
2018-01-14 21:36:00+00;1;15407AMK-03;28;-22.1;4.08;51.79;2.75;5.57;0.15;745.24;100;-22.1;1.05;0.83;1.3763;318.01
2018-01-14 22:21:00+00;1;15407AMK-03;28;-22.28;5.34;45.61;3.31;10.4;0;745.18;100;-22.28;1.03;0.82;1.3772;317.89
2018-01-14 23:07:00+00;1;15407AMK-03;28;-22.52;4;48.18;1.42;6.95;0.3;745.25;100;-22.52;1.01;0.8;1.3787;317.74
2018-01-14 23:52:00+00;1;15407AMK-03;28;-22.74;2.47;54.89;1.57;3.85;0.27;745.64;100;-22.74;0.99;0.79;1.3806;317.6
2018-01-15 00:38:00+00;1;15407AMK-03;28;-22.96;2.47;53.45;1.27;3.76;0.22;745.66;100;-22.96;0.97;0.77;1.3819;317.46
2018-01-15 01:23:00+00;1;15407AMK-03;28;-23.21;5.15;40.12;3.39;6.93;-0.42;745.5;100;-23.21;0.95;0.75;1.383;317.3
2018-01-15 02:09:00+00;1;15407AMK-03;28;-23.36;4.7;40.83;1.35;7.41;-0.31;745.59;100;-23.36;0.94;0.74;1.384;317.2
2018-01-15 02:54:00+00;1;15407AMK-03;28;-23.56;1.93;33.49;1.13;2.86;0.5;745.62;100;-23.56;0.92;0.73;1.3852;317.07
2018-01-15 03:40:00+00;1;15407AMK-03;28;-23.63;2.55;58.58;1.51;3.66;0.02;745.71;100;-23.63;0.91;0.73;1.3857;317.03
2018-01-15 04:25:00+00;1;15407AMK-03;28;-23.48;1.96;44.32;0.86;3.47;-0.23;745.74;100;-23.48;0.93;0.74;1.385;317.12
2018-01-15 05:11:00+00;1;15407AMK-03;28;-23.14;2.34;17.29;1.22;3.44;-0.08;745.77;97.29;-23.45;0.93;0.74;1.3831;317.34
2018-01-15 05:56:00+00;1;15407AMK-03;28;-22.68;2.99;24.65;1.04;5.07;0.01;745.84;95.27;-23.23;0.95;0.75;1.3807;317.64
2018-01-15 06:42:00+00;1;15407AMK-03;28;-22.43;2.97;16.63;1.4;4.56;-0.08;745.8;94.64;-23.06;0.96;0.76;1.3792;317.79
2018-01-15 07:27:00+00;1;15407AMK-03;28;-22.13;2.95;23.14;1.75;4.88;0.18;745.71;96.49;-22.54;1.01;0.8;1.3774;317.98
2018-01-15 08:13:00+00;1;15407AMK-03;28;-21.68;2.17;12.12;0.81;3.22;0.19;745.68;96.97;-22.03;1.05;0.84;1.3748;318.27
2018-01-15 08:58:00+00;1;15407AMK-03;28;-21.62;2.2;16.72;1;3.49;0.32;745.61;96.65;-22;1.06;0.84;1.3743;318.31
2018-01-15 09:44:00+00;1;15407AMK-03;28;-21.79;3.27;5.94;0.8;6.96;-0.05;745.67;99.3;-21.88;1.07;0.85;1.3754;318.2
2018-01-15 10:29:00+00;1;15407AMK-03;28;-22.05;2.76;10.33;1.45;5.8;-0.22;745.58;100;-22.05;1.05;0.84;1.3767;318.04
2018-01-15 11:15:00+00;1;15407AMK-03;28;-22.25;4.83;19.39;1.16;7.94;-0.01;745.19;100;-22.25;1.03;0.82;1.377;317.91
2018-01-15 12:00:00+00;1;15407AMK-03;28;-22.04;5.47;14.53;2.46;7.63;-0.77;744.79;100;-22.04;1.05;0.84;1.3751;318.05
2018-01-15 12:46:00+00;1;15407AMK-03;28;-21.61;5.58;11.84;3.19;8.03;-0.37;744.38;100;-21.61;1.09;0.87;1.372;318.32
2018-01-15 13:31:00+00;1;15407AMK-03;28;-21.27;6.79;20.31;4.98;8.59;-0.97;743.76;100;-21.27;1.13;0.89;1.369;318.53
2018-01-15 14:17:00+00;1;15407AMK-03;28;-21.03;4.45;8.06;1.57;7.41;-0.02;742.94;100;-21.03;1.15;0.91;1.3662;318.69
2018-01-15 15:02:00+00;1;15407AMK-03;28;-20.65;4.38;10.7;1.42;7.69;0.23;742.91;100;-20.65;1.19;0.94;1.3641;318.93
2018-01-15 15:48:00+00;1;15407AMK-03;28;-20.36;5.58;14.25;2.31;9.29;-0.22;742.05;100;-20.36;1.22;0.97;1.3609;319.12
2018-01-15 16:33:00+00;1;15407AMK-03;28;-19.82;6.39;21.83;3.1;9.51;-0.37;741.95;100;-19.82;1.28;1.01;1.3578;319.46
2018-01-15 17:18:00+00;1;15407AMK-03;28;-19.43;4.59;20.47;2.14;6.41;0.12;741.53;100;-19.43;1.32;1.05;1.3549;319.71
2018-01-15 18:04:00+00;1;15407AMK-03;28;-19.07;5.05;15.52;0.44;8.75;0.4;740.96;100;-19.07;1.36;1.08;1.3519;319.94
2018-01-15 18:49:00+00;1;15407AMK-03;28;-18.81;4.53;9.68;1.53;8.22;-0.31;740.58;100;-18.81;1.39;1.11;1.3498;320.1
2018-01-15 19:35:00+00;1;15407AMK-03;28;-18.4;5.23;28.6;3.59;7.24;-0.03;740.33;100;-18.4;1.44;1.15;1.3472;320.36
2018-01-15 20:20:00+00;1;15407AMK-03;28;-18.25;2.87;18.39;1.01;4.5;0.62;739.92;100;-18.25;1.46;1.16;1.3456;320.46
2018-01-15 21:06:00+00;1;15407AMK-03;28;-18.02;4.23;39.39;1.09;7.48;0.13;739.32;100;-18.02;1.49;1.18;1.3433;320.6
2018-01-15 21:51:00+00;1;15407AMK-03;28;-17.69;3.43;31.54;1.61;6.95;0.45;739.14;100;-17.69;1.53;1.22;1.3412;320.81
2018-01-15 22:37:00+00;1;15407AMK-03;28;-17.32;4.88;33.86;1.37;8.4;-0.19;738.66;100;-17.32;1.58;1.26;1.3384;321.05
2018-01-15 23:22:00+00;1;15407AMK-03;28;-16.8;4.72;46.45;2.4;7.14;0.29;738.41;100;-16.8;1.65;1.31;1.3352;321.38
2018-01-16 00:08:00+00;1;15407AMK-03;28;-16.48;4.65;26.78;2.18;9.37;0.03;738.25;100;-16.48;1.69;1.35;1.3332;321.58
2018-01-16 00:53:00+00;1;15407AMK-03;28;-16.05;3.69;41.78;1.9;5.82;0.22;737.98;100;-16.05;1.76;1.4;1.3305;321.85
2018-01-16 01:39:00+00;1;15407AMK-03;28;-15.69;4.42;33.45;1.53;7.36;-0.18;737.78;100;-15.69;1.81;1.44;1.3282;322.08
2018-01-16 02:24:00+00;1;15407AMK-03;28;-15.25;6.76;54.21;2.88;10.59;0.42;737.78;100;-15.25;1.88;1.49;1.3259;322.36
2018-01-16 03:10:00+00;1;15407AMK-03;28;-14.99;5.54;37.65;2.44;8.24;0.43;737.55;100;-14.99;1.92;1.52;1.3241;322.52
2018-01-16 03:55:00+00;1;15407AMK-03;28;-14.72;4.86;50.7;1.84;8.53;0.42;737.76;100;-14.72;1.96;1.56;1.3231;322.69
2018-01-16 04:41:00+00;1;15407AMK-03;28;-14.43;6.75;45.07;4.3;9.56;-0.34;737.68;100;-14.43;2.01;1.6;1.3214;322.88
2018-01-16 05:26:00+00;1;15407AMK-03;28;-14.19;3.3;43.26;1.38;6.35;-0.29;737.78;100;-14.19;2.05;1.63;1.3204;323.03
2018-01-16 06:12:00+00;1;15407AMK-03;28;-13.82;5.18;50.74;2.46;8.72;0.7;737.63;100;-13.82;2.11;1.68;1.3182;323.26
2018-01-16 06:57:00+00;1;15407AMK-03;28;-13.55;3.5;31.93;1.02;6.41;0.66;737.89;100;-13.55;2.16;1.72;1.3172;323.43
2018-01-16 07:43:00+00;1;15407AMK-03;28;-13.25;3.82;39.57;2.04;5.67;0.68;737.96;100;-13.25;2.21;1.76;1.3158;323.63
2018-01-16 08:28:00+00;1;15407AMK-03;28;-12.89;3.62;46.54;0.86;6.22;0.39;738.19;100;-12.89;2.28;1.81;1.3143;323.85
2018-01-16 09:14:00+00;1;15407AMK-03;28;-12.57;3.72;31.41;1.92;5.86;0.65;738.28;100;-12.57;2.34;1.86;1.3129;324.05
2018-01-16 09:59:00+00;1;15407AMK-03;28;-12.26;5.77;58.09;1.58;8.66;-0.43;738.42;100;-12.26;2.39;1.9;1.3115;324.25
2018-01-16 10:45:00+00;1;15407AMK-03;28;-12.03;4.74;51.61;2.86;7.42;0;738.73;100;-12.03;2.44;1.94;1.3109;324.39
2018-01-16 11:30:00+00;1;15407AMK-03;28;-11.71;2.53;45.44;0.52;4.28;0.54;739.32;100;-11.71;2.5;1.99;1.3103;324.6
2018-01-16 12:16:00+00;1;15407AMK-03;28;-11.35;5.29;51.03;2.94;8.38;0.23;739.28;100;-11.35;2.57;2.05;1.3084;324.82
2018-01-16 13:01:00+00;1;15407AMK-03;28;-11.08;5.23;44.94;3;7.24;-0.37;739.1;100;-11.08;2.63;2.09;1.3067;324.99
2018-01-16 13:47:00+00;1;15407AMK-03;28;-10.68;4.28;35.47;2.26;7.1;0.33;738.69;100;-10.68;2.72;2.16;1.3039;325.25
2018-01-16 14:32:00+00;1;15407AMK-03;28;-10.51;5.37;29.3;1.02;10.51;-0.31;738.44;100;-10.51;2.75;2.19;1.3026;325.36
2018-01-16 15:18:00+00;1;15407AMK-03;28;-10.24;4.44;35.94;1.51;7.94;0.41;738.45;100;-10.24;2.81;2.24;1.3013;325.53
2018-01-16 16:03:00+00;1;15407AMK-03;28;-10.12;4.57;48.05;1.75;9.11;0.6;738.45;100;-10.12;2.84;2.26;1.3007;325.6
2018-01-16 16:49:00+00;1;15407AMK-03;28;-9.9;5.12;37.03;2.19;10.47;0.17;738.42;100;-9.9;2.89;2.3;1.2995;325.74
2018-01-16 17:34:00+00;1;15407AMK-03;28;-9.66;5.97;47.39;2.28;9.58;0.12;738.43;100;-9.66;2.94;2.34;1.2983;325.89
2018-01-16 18:20:00+00;1;15407AMK-03;28;-9.62;3.76;48.63;1.76;5.8;1.15;738.44;100;-9.62;2.95;2.35;1.2981;325.92
2018-01-16 19:05:00+00;1;15407AMK-03;28;-9.66;4.91;50.26;1.78;7.89;0.12;738.44;100;-9.66;2.94;2.34;1.2983;325.89
2018-01-16 19:51:00+00;1;15407AMK-03;28;-9.72;6.06;53.61;1.7;9.52;0.18;738.36;100;-9.72;2.93;2.33;1.2985;325.85
2018-01-16 20:36:00+00;1;15407AMK-03;28;-9.62;3.41;40.21;1.39;6.6;0.21;738.4;100;-9.62;2.95;2.35;1.298;325.92
2018-01-16 21:21:00+00;1;15407AMK-03;28;-9.28;4.38;60.1;1.33;8.2;0.53;738.17;100;-9.28;3.03;2.41;1.2959;326.13
2018-01-16 22:07:00+00;1;15407AMK-03;28;-8.8;5.53;48.84;2.98;8.99;0.28;738.14;100;-8.8;3.15;2.51;1.2935;326.43
2018-01-16 22:52:00+00;1;15407AMK-03;28;-8.48;5.26;52.57;2.75;8.58;0.01;738.4;100;-8.48;3.23;2.57;1.2923;326.64
2018-01-16 23:38:00+00;1;15407AMK-03;28;-8.17;6.69;46.57;3.05;10.03;-0.4;738.44;100;-8.17;3.31;2.63;1.2908;326.83
2018-01-17 00:23:00+00;1;15407AMK-03;28;-7.67;5.94;45.17;3.24;8.44;0.08;738.55;100;-7.67;3.44;2.74;1.2885;327.14
2018-01-17 01:09:00+00;1;15407AMK-03;28;-7.08;2.98;62.06;0.46;6.11;0.67;738.99;100;-7.08;3.6;2.87;1.2863;327.52
2018-01-17 01:54:00+00;1;15407AMK-03;28;-7.02;64.85;271.88;55.69;70.53;-28.35;739.16;100;33.1;50.53;42.21;1.096;354.03
2018-01-17 02:40:00+00;1;15407AMK-03;28;-5.03;63.29;272.58;4.02;70.34;-28.2;739.42;100;32.71;49.44;41.25;1.0982;353.75
2018-01-17 03:25:00+00;1;15407AMK-03;28;-3.03;64.23;272.4;54.28;69.88;-27.95;739.49;100;33.03;50.36;42.05;1.0968;353.99
2018-01-17 04:11:00+00;1;15407AMK-03;28;-2.98;61.26;271.17;5.19;69.69;-26.44;740.08;100;30.9;44.62;37.04;1.108;352.42
2018-01-17 04:56:00+00;1;15407AMK-03;28;-2.77;7.44;75.61;2.43;68.86;-0.52;740.74;100;-2.77;4.98;3.98;1.2681;330.23
2018-01-17 05:42:00+00;1;15407AMK-03;28;-4.83;4.98;82.92;2.75;8.81;-0.3;741.03;100;-4.83;4.27;3.4;1.2787;328.93
2018-01-17 06:27:00+00;1;15407AMK-03;28;-4.86;4.03;79.18;1.35;7.21;-0.4;741.39;100;-4.86;4.26;3.4;1.2795;328.91
2018-01-17 07:13:00+00;1;15407AMK-03;28;-4.87;4.09;76.28;0.1;8.74;-0.07;741.58;100;-4.87;4.26;3.39;1.2799;328.91
2018-01-17 07:58:00+00;1;15407AMK-03;28;-4.9;6.07;81.67;2.46;11.77;-0.3;741.94;100;-4.9;4.25;3.39;1.2806;328.89
2018-01-17 08:44:00+00;1;15407AMK-03;28;-5.23;4.09;68.25;1.39;10.06;0.29;742.39;100;-5.23;4.15;3.3;1.283;328.68
2018-01-17 09:29:00+00;1;15407AMK-03;28;-5.11;7.99;71.31;4.28;14.56;-0.91;742.58;100;-5.11;4.18;3.33;1.2828;328.76
2018-01-17 10:15:00+00;1;15407AMK-03;28;-5.24;4.7;70.84;2.08;8.98;0;743.3;100;-5.24;4.14;3.3;1.2847;328.67
2018-01-17 11:00:00+00;1;15407AMK-03;28;-5.37;3.99;77.9;0.78;7.42;0.2;743.6;100;-5.37;4.1;3.27;1.2858;328.59
2018-01-17 11:46:00+00;1;15407AMK-03;28;-5.58;4.52;69.07;0.58;8.85;0.72;743.89;100;-5.58;4.04;3.22;1.2874;328.46
2018-01-17 12:31:00+00;1;15407AMK-03;28;-5.95;4.45;57.14;2.3;7.02;0.4;744.12;100;-5.95;3.92;3.13;1.2896;328.23
2018-01-17 13:17:00+00;1;15407AMK-03;28;-6.13;3.75;73.41;0.32;7.24;0.44;744.37;100;-6.13;3.87;3.08;1.291;328.11
2018-01-17 14:02:00+00;1;15407AMK-03;28;-6.25;3.42;65.16;1.4;6.37;0.4;744.64;100;-6.25;3.84;3.06;1.292;328.04
2018-01-17 14:48:00+00;1;15407AMK-03;28;-6.29;4.01;64.53;1.27;7.33;0.26;744.83;100;-6.29;3.82;3.05;1.2925;328.01
2018-01-17 15:33:00+00;1;15407AMK-03;28;-6.31;3.82;78.48;1.98;5.76;-0.02;745.08;100;-6.31;3.82;3.04;1.2931;328
2018-01-17 16:19:00+00;1;15407AMK-03;28;-6.26;4.49;79.97;0.93;9.42;0.13;745.37;100;-6.26;3.83;3.05;1.2933;328.03
2018-01-17 17:04:00+00;1;15407AMK-03;28;-6.49;2.27;123.12;0.58;4;0.28;745.98;100;-6.49;3.76;3;1.2956;327.88
2018-01-17 17:50:00+00;1;15407AMK-03;28;-8.19;4.92;173.28;1.89;11.04;-0.46;746.5;100;-8.19;3.3;2.63;1.305;326.81
2018-01-17 18:35:00+00;1;15407AMK-03;28;-9.46;2.5;139.37;0.39;4.98;-0.28;747.39;100;-9.46;2.99;2.38;1.313;326.02
2018-01-17 19:21:00+00;1;15407AMK-03;28;-10.14;3.28;165.84;1.55;5.18;-0.09;748.41;100;-10.14;2.83;2.26;1.3183;325.58
2018-01-17 20:06:00+00;1;15407AMK-03;28;-10.82;3.81;139.42;1.53;7.57;-0.85;748.86;90.6;-12.06;2.43;1.94;1.3228;325.14
2018-01-17 20:52:00+00;1;15407AMK-03;28;-11.63;1.97;157.59;0.6;2.95;-0.07;749.37;100;-11.63;2.52;2;1.3278;324.64
2018-01-17 21:37:00+00;1;15407AMK-03;28;-12.58;2.67;196.7;0.97;5.13;-0.29;749.94;100;-12.58;2.33;1.86;1.3337;324.05
2018-01-17 22:23:00+00;1;15407AMK-03;28;-13.28;2.45;202.09;0.89;4.55;0.25;750.4;95.64;-13.83;2.11;1.68;1.3382;323.6
2018-01-17 23:08:00+00;1;15407AMK-03;28;-14.89;3.09;209.53;1.23;5.52;-0.27;751.24;91.66;-15.94;1.77;1.41;1.3483;322.58
2018-01-17 23:54:00+00;1;15407AMK-03;28;-15.64;2.16;218.21;0.72;3.8;-0.07;751.79;78.23;-18.57;1.42;1.13;1.3534;322.09
2018-01-18 00:39:00+00;1;15407AMK-03;28;-16.15;1.08;222.51;0.58;1.74;0.12;752.23;95.3;-16.73;1.66;1.32;1.3567;321.78
2018-01-18 01:24:00+00;1;15407AMK-03;28;-17.06;1.67;226.5;0.56;2.66;-0.05;752.62;92.43;-17.99;1.49;1.19;1.3623;321.21
2018-01-18 02:10:00+00;1;15407AMK-03;28;-19.2;1.47;222.28;0.52;2.71;-0.06;752.98;82.63;-21.41;1.11;0.88;1.3747;319.84
2018-01-18 02:55:00+00;1;15407AMK-03;28;-19.81;1.49;232.34;0.64;2.59;-0.08;753.09;93.57;-20.59;1.2;0.95;1.3782;319.46
2018-01-18 03:41:00+00;1;15407AMK-03;28;-20.08;1.67;229.6;0.97;2.85;0.06;753.43;92.5;-20.98;1.15;0.92;1.3803;319.29
2018-01-18 04:26:00+00;1;15407AMK-03;28;-20.08;0.74;261.82;0.21;1.17;-0.2;753.82;91.02;-21.17;1.14;0.9;1.381;319.29
2018-01-18 05:12:00+00;1;15407AMK-03;28;-20.15;1.34;231.09;0.78;2.02;-0.16;754.07;87.47;-21.69;1.09;0.86;1.3819;319.24
2018-01-18 05:57:00+00;1;15407AMK-03;28;-19.36;0.87;199.95;0.58;1.21;0.02;754.2;74.17;-22.8;0.99;0.78;1.3779;319.73
2018-01-18 06:43:00+00;1;15407AMK-03;28;-18.46;0.72;265.49;0.32;1.18;-0.5;754.37;65.82;-23.28;0.94;0.75;1.3733;320.3
2018-01-18 07:28:00+00;1;15407AMK-03;28;-17.76;0.96;266.26;0.05;1.81;-0.46;754.73;50.7;-25.53;0.77;0.61;1.3703;320.73
2018-01-18 08:14:00+00;1;15407AMK-03;28;-17.68;0.77;217.75;0.48;1.06;0.07;755.07;68.87;-22.01;1.06;0.84;1.3703;320.79
2018-01-18 08:59:00+00;1;15407AMK-03;28;-17.54;0.61;247.6;0.28;1.32;-0.1;755.16;71.17;-21.51;1.1;0.88;1.3697;320.88
2018-01-18 09:45:00+00;1;15407AMK-03;28;-17.81;1.13;209.48;0.41;2.06;0.01;755.32;75.09;-21.15;1.14;0.9;1.3714;320.72
2018-01-18 10:30:00+00;1;15407AMK-03;28;-18.41;1.14;242.99;0.49;1.92;-0.09;755.56;74.19;-21.87;1.07;0.85;1.3752;320.33
2018-01-18 11:16:00+00;1;15407AMK-03;28;-18.6;1.03;232.42;0.44;2.03;-0.07;755.78;75.95;-21.79;1.08;0.86;1.3766;320.22
2018-01-18 12:01:00+00;1;15407AMK-03;28;-18.43;1.13;218.55;0.38;2;-0.07;755.86;82.23;-20.71;1.18;0.94;1.3757;320.33
2018-01-18 12:47:00+00;1;15407AMK-03;28;-18.75;1.81;228.08;0.65;2.72;0;756.12;81.5;-21.13;1.14;0.91;1.378;320.12
2018-01-18 13:32:00+00;1;15407AMK-03;28;-18.91;1.42;234.71;0.41;2.51;-0.24;756.18;84.24;-20.9;1.16;0.92;1.3789;320.03
2018-01-18 14:18:00+00;1;15407AMK-03;28;-18.95;1.75;238.6;1.15;2.6;-0.24;756.3;87.81;-20.46;1.21;0.96;1.3794;320
2018-01-18 15:03:00+00;1;15407AMK-03;28;-18.97;0.6;258.46;0.05;0.99;-0.3;756.4;89.55;-20.26;1.23;0.98;1.3796;319.99
2018-01-18 15:49:00+00;1;15407AMK-03;28;-18.99;0.81;217.45;0.39;1.3;0.02;756.43;94.67;-19.63;1.3;1.03;1.3797;319.98
2018-01-18 16:34:00+00;1;15407AMK-03;28;-20.01;0.94;191.89;0.19;1.75;-0.12;756.42;99.91;-20.02;1.26;1;1.3853;319.34
2018-01-18 17:20:00+00;1;15407AMK-03;28;-20.85;1.12;251.87;0.35;2.01;-0.1;756.69;100;-20.85;1.17;0.93;1.3905;318.8
2018-01-18 18:05:00+00;1;15407AMK-03;28;-21.28;0.79;212.65;0.31;1.09;-0.05;756.72;100;-21.28;1.13;0.89;1.3929;318.53
2018-01-18 18:51:00+00;1;15407AMK-03;28;-21.93;1.51;217.57;1.16;1.8;-0.1;756.86;100;-21.93;1.06;0.84;1.3968;318.11
2018-01-18 19:36:00+00;1;15407AMK-03;28;-22.96;0.95;225.01;0.64;1.17;-0.07;756.99;100;-22.96;0.97;0.77;1.4029;317.46
2018-01-18 20:22:00+00;1;15407AMK-03;28;-24.27;1.78;244.71;0.9;2.41;-0.15;757.16;100;-24.27;0.86;0.69;1.4106;316.62
2018-01-18 21:07:00+00;1;15407AMK-03;28;-25.77;1.24;261.03;0.36;2.4;-0.07;757.22;100;-25.77;0.76;0.6;1.4194;315.66
2018-01-18 21:53:00+00;1;15407AMK-03;28;-26.68;1.34;257;0.44;2.66;-0.15;757.15;100;-26.68;0.7;0.55;1.4245;315.08
2018-01-18 22:38:00+00;1;15407AMK-03;28;-26.64;0.81;264.87;0.53;1.11;-0.15;757.2;100;-26.64;0.7;0.55;1.4244;315.1
2018-01-18 23:24:00+00;1;15407AMK-03;28;-27.23;1.62;248.21;0.89;2.46;-0.12;757.29;100;-27.23;0.66;0.52;1.428;314.72
2018-01-19 00:09:00+00;1;15407AMK-03;28;-27.17;1.67;238.94;0.95;2.5;-0.02;757.36;100;-27.17;0.66;0.53;1.4278;314.76
2018-01-19 00:55:00+00;1;15407AMK-03;28;-27.71;0.66;265.48;0.35;1.16;-0.13;757.89;100;-27.71;0.63;0.5;1.4319;314.41
2018-01-19 01:40:00+00;1;15407AMK-03;28;-28.54;1.24;253.9;1.03;1.44;-0.11;757.75;100;-28.54;0.59;0.46;1.4366;313.88
2018-01-19 02:26:00+00;1;15407AMK-03;28;-29.32;0.6;270;0.36;0.87;-0.12;758.17;100;-29.32;0.54;0.43;1.442;313.37
2018-01-19 03:11:00+00;1;15407AMK-03;28;-30.02;0.92;266.07;0.55;1.59;-0.08;758.27;100;-30.02;0.51;0.4;1.4463;312.92
2018-01-19 03:57:00+00;1;15407AMK-03;28;-28.22;0.99;276.8;0.44;1.59;-0.36;758.39;94.26;-28.86;0.57;0.45;1.4359;314.08
2018-01-19 04:42:00+00;1;15407AMK-03;28;-27.8;0.81;243.97;0.62;1.05;-0.16;758.53;87.72;-29.2;0.55;0.44;1.4337;314.35
2018-01-19 05:27:00+00;1;15407AMK-03;28;-27.36;1.07;232.91;0.35;1.84;0.09;758.83;71.08;-31.01;0.46;0.37;1.4318;314.62
2018-01-19 06:13:00+00;1;15407AMK-03;28;-26.19;0.97;112.73;0.58;1.29;-0.25;759.05;54.24;-32.7;0.39;0.31;1.4254;315.37
2018-01-19 06:58:00+00;1;15407AMK-03;28;-25.32;1.13;104.98;0.5;1.78;-0.46;759.46;58.02;-31.18;0.46;0.36;1.4212;315.93
2018-01-19 07:44:00+00;1;15407AMK-03;28;-25.25;1.19;138.22;0.81;1.67;-0.31;759.5;64.62;-29.98;0.51;0.41;1.4208;315.98
2018-01-19 08:29:00+00;1;15407AMK-03;28;-24.46;1.1;171.98;0.62;1.67;-0.09;759.89;60.27;-29.97;0.51;0.41;1.417;316.48
2018-01-19 09:15:00+00;1;15407AMK-03;28;-24.45;2.02;157.26;1.32;2.83;-0.18;760.33;66.11;-28.97;0.56;0.45;1.4177;316.49
2018-01-19 10:00:00+00;1;15407AMK-03;28;-25.56;1.15;159.35;0.48;1.71;-0.08;760.45;90.8;-26.62;0.7;0.55;1.4243;315.79
2018-01-19 10:46:00+00;1;15407AMK-03;28;-25.41;1.37;185.2;0.74;2.08;-0.17;760.94;100;-25.41;0.78;0.62;1.4243;315.89
2018-01-19 11:31:00+00;1;15407AMK-03;28;-26.28;2.01;201.09;1.11;3.52;-0.01;761.12;98;-26.5;0.71;0.56;1.4297;315.33
2018-01-19 12:17:00+00;1;15407AMK-03;28;-26.9;2.23;225.48;1.18;3.57;0.01;761.19;99.13;-27;0.67;0.54;1.4334;314.93
2018-01-19 13:02:00+00;1;15407AMK-03;28;-27.89;1.55;240.94;0.66;2.56;0.2;761.73;99.25;-27.97;0.62;0.49;1.4403;314.3
2018-01-19 13:48:00+00;1;15407AMK-03;28;-28.47;2.01;240.6;1.03;4.16;0.28;761.83;100;-28.47;0.59;0.47;1.4439;313.92
2018-01-19 14:33:00+00;1;15407AMK-03;28;-29.06;2.49;237.84;0.79;4.49;-0.09;761.89;99;-29.17;0.55;0.44;1.4475;313.54
2018-01-19 15:19:00+00;1;15407AMK-03;28;-29.8;1.51;239.43;0.58;3.16;0.04;762.34;98.99;-29.91;0.51;0.41;1.4528;313.06
2018-01-19 16:04:00+00;1;15407AMK-03;28;-30.71;1.35;258.18;0.62;2.55;-0.13;762.95;99.81;-30.73;0.48;0.38;1.4594;312.48
2018-01-19 16:50:00+00;1;15407AMK-03;28;-31.27;2.19;252.7;0.84;4.27;-0.08;762.86;100;-31.27;0.45;0.36;1.4627;312.11
2018-01-19 17:35:00+00;1;15407AMK-03;28;-31.82;1.62;248.9;0.35;3.96;-0.14;763.21;100;-31.82;0.43;0.34;1.4667;311.76
2018-01-19 18:21:00+00;1;15407AMK-03;28;-32.48;2.31;249.79;0.62;5.03;-0.09;763.13;100;-32.48;0.4;0.32;1.4706;311.33
2018-01-19 19:06:00+00;1;15407AMK-03;28;-33.27;2.76;245.45;1.12;4.93;-0.07;763.13;100;-33.27;0.37;0.3;1.4754;310.82
2018-01-19 19:52:00+00;1;15407AMK-03;28;-33.82;2.32;250.72;1.16;4.13;-0.12;763.42;100;-33.82;0.35;0.28;1.4794;310.46
2018-01-19 20:37:00+00;1;15407AMK-03;28;-34.2;2.24;255.3;0.71;4.07;-0.06;763.65;100;-34.2;0.34;0.27;1.4822;310.21
2018-01-19 21:23:00+00;1;15407AMK-03;28;-34.97;1.7;252.75;0.23;3.5;0.02;763.65;100;-34.97;0.32;0.25;1.487;309.71
2018-01-19 22:08:00+00;1;15407AMK-03;28;-35.43;1.12;260.67;0.14;2.85;0.13;764.02;100;-35.43;0.3;0.24;1.4906;309.41
2018-01-19 22:54:00+00;1;15407AMK-03;28;-35.8;1.46;250.4;0.63;2.9;-0.26;764.39;100;-35.8;0.29;0.23;1.4937;309.17
2018-01-19 23:39:00+00;1;15407AMK-03;28;-36.32;1.67;245.9;0.19;4.48;-0.12;764.39;100;-36.32;0.28;0.22;1.497;308.83
2018-01-20 00:25:00+00;1;15407AMK-03;28;-36.8;2.46;252.19;0.67;4.92;0.14;764.84;100;-36.8;0.26;0.21;1.5008;308.52
2018-01-20 01:10:00+00;1;15407AMK-03;28;-37.28;1.6;260.42;0.65;3.31;0.13;765.1;100;-37.28;0.25;0.2;1.5044;308.2
2018-01-20 01:56:00+00;1;15407AMK-03;28;-37.69;1.36;261.57;0.28;3.43;-0.05;765.43;100;-37.69;0.24;0.19;1.5077;307.93
2018-01-20 02:41:00+00;1;15407AMK-03;28;-38.16;1.41;263.76;0.58;3.03;0.01;765.59;100;-38.16;0.23;0.18;1.511;307.63
2018-01-20 03:27:00+00;1;15407AMK-03;28;-38.04;2.75;258.77;0.81;6.63;-0.02;765.33;97.45;-38.29;0.23;0.18;1.5098;307.71
2018-01-20 04:12:00+00;1;15407AMK-03;28;-37.51;2.06;248.9;0.59;3.87;-0.02;765.53;82.29;-39.41;0.2;0.16;1.5068;308.05
2018-01-20 04:58:00+00;1;15407AMK-03;28;-36.36;1.26;252.09;0.49;3.04;0.12;765.63;84.16;-38.07;0.23;0.18;1.4997;308.8
2018-01-20 05:43:00+00;1;15407AMK-03;28;-35.45;0.8;248.95;0.03;1.37;0.08;765.54;65.26;-39.66;0.2;0.16;1.4938;309.39
2018-01-20 06:29:00+00;1;15407AMK-03;28;-34.01;0.96;234.9;0.26;1.7;0.23;765.77;59.2;-39.22;0.21;0.16;1.4852;310.33
2018-01-20 07:14:00+00;1;15407AMK-03;28;-33.53;2.24;220.55;0.68;3.66;0.05;765.84;60.66;-38.53;0.22;0.18;1.4824;310.64
2018-01-20 08:00:00+00;1;15407AMK-03;28;-32.91;2.21;228.57;0.61;3.83;-0.22;765.81;61.21;-37.85;0.24;0.19;1.4784;311.05
2018-01-20 08:45:00+00;1;15407AMK-03;28;-32.64;3.33;227.37;1.18;5.56;-0.04;766.06;66.65;-36.75;0.26;0.21;1.4773;311.22
